model,term,coef,se_hc3,ci_low,ci_high,p_value,n,r2,vif,pct_change_per_10pts,label
need_only,const,3.947733,0.337353,3.281618,4.613849,0.0,173,0.585716,,1.3956835741272463e+19,
need_only,pct_pre1950,0.019754,0.003205,0.013426,0.026082,0.0,173,0.585716,1.259446,21.840307,Renter units built before 1950
need_only,pct_poverty,0.058262,0.008374,0.041727,0.074796,0.0,173,0.585716,1.850237,79.072112,Residents below poverty line
need_only,pct_overcrowded,-0.006748,0.00972,-0.025941,0.012444,0.488495,173,0.585716,1.605152,-6.525762,Renter units with >1 person per room
need_only,pct_small_building,0.001271,0.002836,-0.004329,0.006872,0.654561,173,0.585716,2.455957,1.279552,Renters in 1-4 unit buildings
need_only,borough_BROOKLYN,-0.517393,0.148824,-0.811252,-0.223535,0.00065,173,0.585716,,-99.433775,
need_only,borough_MANHATTAN,-0.680156,0.201191,-1.077415,-0.282897,0.000904,173,0.585716,,-99.888796,
need_only,borough_QUEENS,-0.287067,0.160371,-0.603725,0.02959,0.075295,173,0.585716,,-94.333928,
need_only,borough_STATEN ISLAND,0.180293,0.189749,-0.194372,0.554959,0.343425,173,0.585716,,506.741206,
need_plus_income,const,6.213003,0.547746,5.13141,7.294597,0.0,173,0.729404,,9.610163433990108e+28,
need_plus_income,pct_pre1950,0.01578,0.002428,0.010985,0.020575,0.0,173,0.729404,1.312919,17.093087,Renter units built before 1950
need_plus_income,pct_poverty,0.006768,0.010581,-0.014125,0.027661,0.523309,173,0.729404,3.719703,7.002148,Residents below poverty line
need_plus_income,pct_overcrowded,-0.020307,0.008344,-0.036782,-0.003831,0.016024,173,0.729404,1.667696,-18.377576,Renter units with >1 person per room
need_plus_income,pct_small_building,-0.001172,0.002368,-0.005849,0.003505,0.621344,173,0.729404,2.505389,-1.165241,Renters in 1-4 unit buildings
need_plus_income,pct_income_150k,-0.040186,0.006137,-0.052304,-0.028068,0.0,173,0.729404,3.778913,-33.092406,Households earning $150k+
need_plus_income,borough_BROOKLYN,-0.307061,0.122798,-0.549542,-0.06458,0.013389,173,0.729404,,-95.360709,
need_plus_income,borough_MANHATTAN,-0.218318,0.161482,-0.537183,0.100548,0.178259,173,0.729404,,-88.731699,
need_plus_income,borough_QUEENS,-0.397549,0.167545,-0.728387,-0.066712,0.018819,173,0.729404,,-98.122994,
need_plus_income,borough_STATEN ISLAND,0.12394,0.203032,-0.276971,0.524852,0.542415,173,0.729404,,245.355593,
need_plus_barriers,const,2.933534,0.392357,2.158592,3.708475,0.0,173,0.683466,,549761752579299.7,
need_plus_barriers,pct_pre1950,0.018882,0.002915,0.013125,0.024639,0.0,173,0.683466,1.561473,20.782099,Renter units built before 1950
need_plus_barriers,pct_poverty,0.064703,0.010521,0.043923,0.085484,0.0,173,0.683466,3.942165,90.986828,Residents below poverty line
need_plus_barriers,pct_overcrowded,0.023794,0.011565,0.000952,0.046637,0.041291,173,0.683466,3.167214,26.863933,Renter units with >1 person per room
need_plus_barriers,pct_small_building,-0.000982,0.002605,-0.006127,0.004163,0.706747,173,0.683466,2.667598,-0.977012,Renters in 1-4 unit buildings
need_plus_barriers,pct_lep_spanish,-0.008526,0.012307,-0.032835,0.015782,0.489466,173,0.683466,3.461272,-8.172928,Limited-English households: Spanish
need_plus_barriers,pct_lep_chinese,-0.042115,0.015378,-0.072489,-0.011742,0.006878,173,0.683466,1.516496,-34.37104,Limited-English households: Chinese
need_plus_barriers,pct_lep_other_asian,-0.055522,0.045528,-0.145445,0.0344,0.224467,173,0.683466,1.698142,-42.60568,Limited-English households: other Asian languages
need_plus_barriers,pct_lep_other,-0.035546,0.011445,-0.05815,-0.012942,0.002249,173,0.683466,2.098106,-29.914773,Limited-English households: all other languages
need_plus_barriers,pct_age_65_plus,0.048462,0.013248,0.022295,0.074629,0.000346,173,0.683466,1.473015,62.355912,Residents 65+
need_plus_barriers,pct_no_internet,0.004203,0.027396,-0.049907,0.058313,0.87826,173,0.683466,2.78032,4.292806,Households with no internet access
need_plus_barriers,borough_BROOKLYN,-0.238221,0.182138,-0.597961,0.121518,0.192801,173,0.683466,,-90.765407,
need_plus_barriers,borough_MANHATTAN,-0.491043,0.193275,-0.872778,-0.109308,0.012029,173,0.683466,,-99.263068,
need_plus_barriers,borough_QUEENS,-0.005905,0.165463,-0.332709,0.320899,0.971575,173,0.683466,,-5.734232,
need_plus_barriers,borough_STATEN ISLAND,0.452867,0.201829,0.054236,0.851498,0.026234,173,0.683466,,9163.51962,
phone_share,const,37.602317,4.036504,29.62985,45.574785,0.0,173,0.443193,,,
phone_share,pct_pre1950,-0.060619,0.037923,-0.13552,0.014282,0.111935,173,0.443193,1.561473,,Renter units built before 1950
phone_share,pct_poverty,0.334178,0.120016,0.097135,0.57122,0.006017,173,0.443193,3.942165,,Residents below poverty line
phone_share,pct_overcrowded,0.103366,0.144986,-0.182994,0.389726,0.476935,173,0.443193,3.167214,,Renter units with >1 person per room
phone_share,pct_small_building,0.098753,0.030124,0.039255,0.158251,0.001285,173,0.443193,2.667598,,Renters in 1-4 unit buildings
phone_share,pct_lep_spanish,-0.047304,0.12826,-0.300628,0.206021,0.712763,173,0.443193,3.461272,,Limited-English households: Spanish
phone_share,pct_lep_chinese,-0.373877,0.182624,-0.734576,-0.013177,0.04229,173,0.443193,1.516496,,Limited-English households: Chinese
phone_share,pct_lep_other_asian,-1.273083,0.609015,-2.475945,-0.070222,0.038183,173,0.443193,1.698142,,Limited-English households: other Asian languages
phone_share,pct_lep_other,-0.027394,0.177962,-0.378885,0.324097,0.877861,173,0.443193,2.098106,,Limited-English households: all other languages
phone_share,pct_age_65_plus,0.235833,0.12828,-0.017531,0.489198,0.067877,173,0.443193,1.473015,,Residents 65+
phone_share,pct_no_internet,0.12637,0.199975,-0.2686,0.52134,0.528348,173,0.443193,2.78032,,Households with no internet access
phone_share,borough_BROOKLYN,1.280543,2.146391,-2.958777,5.519863,0.551626,173,0.443193,,,
phone_share,borough_MANHATTAN,0.010461,1.947577,-3.836183,3.857105,0.995721,173,0.443193,,,
phone_share,borough_QUEENS,3.865254,2.105529,-0.293359,8.023867,0.068272,173,0.443193,,,
phone_share,borough_STATEN ISLAND,5.049494,2.997314,-0.870478,10.969467,0.094026,173,0.443193,,,
