modzcta,neighborhood,label,borough,analyzed,renter_households,nycha_apartments,non_nycha_renter_households,complaints_2022_2024,complaints_per_1000_non_nycha_renters,expected_per_1000_non_nycha_renters,gap_pct,expected_per_1000_non_nycha_renters_income_adjusted,gap_pct_income_adjusted,pct_phone,pct_nycha,pct_lep_any,pct_pre1950,pct_poverty,pct_overcrowded,pct_small_building,pct_lep_spanish,pct_lep_chinese,pct_lep_other_asian,pct_lep_other,pct_age_65_plus,pct_no_internet,pct_income_150k
11004,Bellerose/Douglaston-Little Neck,Bellerose/Douglaston-Little Neck (11004),QUEENS,True,3057,0.0,3057.0,131,14.28,116.09,-87.7,77.02,-81.45,60.31,0.0,6.67,37.39,5.02,5.33,77.4,0.71,1.97,2.06,1.93,26.67,4.06,47.19
11109,Long Island City,Long Island City (11109),QUEENS,True,3281,0.0,3281.0,73,7.42,44.76,-83.43,19.82,-62.59,49.32,0.0,5.21,2.35,2.93,11.8,2.41,0.87,0.0,2.9,1.44,4.57,0.0,65.77
10006,Financial District,Financial District (10006),MANHATTAN,True,1812,0.0,1812.0,302,55.56,281.4,-80.26,101.35,-45.19,52.65,0.0,6.51,79.47,14.62,8.66,6.9,0.0,0.0,0.0,6.51,3.44,1.44,63.33
10069,Lincoln Square,Lincoln Square (10069),MANHATTAN,True,2100,0.0,2100.0,175,27.78,113.26,-75.48,37.52,-25.97,29.71,0.0,4.43,0.0,25.49,3.38,0.0,0.0,0.0,4.43,0.0,5.75,0.0,61.55
11219,Borough Park,Borough Park (11219),BROOKLYN,True,18374,0.0,18374.0,9315,168.99,676.07,-75.0,369.19,-54.23,54.51,0.0,41.25,66.04,33.0,29.8,47.04,7.8,9.73,0.28,23.45,11.73,27.93,14.93
10004,Financial District,Financial District (10004),MANHATTAN,True,1060,0.0,1060.0,139,43.71,136.33,-67.94,72.65,-39.84,48.92,0.0,4.18,73.4,3.5,1.98,5.47,0.0,0.38,0.0,3.81,5.07,0.0,70.78
10005,Financial District,Financial District (10005),MANHATTAN,True,4323,0.0,4323.0,459,35.39,99.93,-64.58,83.03,-57.37,32.03,0.0,0.17,57.04,4.26,6.69,5.51,0.17,0.0,0.0,0.0,3.37,2.74,58.78
11204,Bensonhurst/Mapleton,Bensonhurst/Mapleton (11204),BROOKLYN,True,16297,0.0,16297.0,8118,166.04,446.01,-62.77,416.12,-60.1,51.79,0.0,36.52,76.04,21.72,24.81,54.97,3.98,12.13,0.71,19.69,14.16,12.62,16.27
11362,Douglaston-Little Neck,Douglaston-Little Neck (11362),QUEENS,True,1800,0.0,1800.0,154,28.52,73.77,-61.34,77.39,-63.15,46.75,0.0,10.18,12.33,5.16,0.44,78.0,2.05,4.47,1.44,2.22,26.56,5.37,39.71
10282,Battery Park City,Battery Park City (10282),MANHATTAN,True,2104,0.0,2104.0,93,14.73,36.13,-59.22,11.18,31.85,33.33,0.0,3.02,1.71,5.78,7.84,1.81,0.0,1.1,1.91,0.0,6.9,0.59,86.74
11228,Bath Beach/Dyker Heights,Bath Beach/Dyker Heights (11228),BROOKLYN,True,6633,0.0,6633.0,2205,110.81,263.91,-58.01,250.76,-55.81,47.98,0.0,17.26,68.45,13.85,16.39,76.13,2.31,9.86,0.53,4.56,21.64,5.77,28.2
11220,Sunset Park,Sunset Park (11220),BROOKLYN,True,20836,0.0,20836.0,13411,214.55,481.1,-55.4,416.56,-48.5,43.97,0.0,44.71,77.03,22.9,24.91,45.5,20.63,19.69,0.46,3.93,14.58,9.04,17.05
10454,Mott Haven/Port Morris,Mott Haven/Port Morris (10454),BRONX,True,14112,4088.01,10023.99,15935,529.9,1175.82,-54.93,576.65,-8.11,53.89,28.97,24.79,29.56,45.2,15.93,9.63,22.76,0.09,0.0,1.95,13.19,14.3,7.3
10280,Battery Park City,Battery Park City (10280),MANHATTAN,True,2780,0.0,2780.0,122,14.63,32.41,-54.86,25.08,-41.67,45.9,0.0,1.68,0.0,3.73,0.94,0.0,0.0,1.65,0.02,0.0,8.36,2.64,69.15
11206,Williamsburg (South),Williamsburg (South) (11206),BROOKLYN,True,30955,6911.64,24043.36,14749,204.48,438.86,-53.41,272.73,-25.02,43.51,22.33,13.23,36.1,34.41,12.53,15.98,8.88,2.34,0.17,1.84,10.33,13.72,20.57
10002,Chinatown/Lower East Side,Chinatown/Lower East Side (10002),MANHATTAN,True,29732,7864.88,21867.12,10407,158.64,339.52,-53.28,448.58,-64.64,34.45,26.45,25.54,49.15,27.93,6.17,2.5,3.97,19.14,0.62,1.82,23.33,11.68,18.04
10475,Co-op City/Edenwald,Co-op City/Edenwald (10475),BRONX,True,10823,0.0,10823.0,2406,74.1,152.3,-51.34,393.54,-81.17,62.3,0.0,7.01,12.46,14.89,6.8,8.21,3.62,0.0,0.08,3.31,24.68,10.67,9.64
11378,Maspeth,Maspeth (11378),QUEENS,True,5753,0.0,5753.0,2171,125.79,232.17,-45.82,209.26,-39.89,50.94,0.0,16.73,50.03,12.68,7.68,87.68,5.67,3.55,0.16,7.35,16.03,4.24,27.08
11385,Glendale/Ridgewood,Glendale/Ridgewood (11385),QUEENS,True,26193,0.0,26193.0,12653,161.02,288.94,-44.27,304.29,-47.08,50.18,0.0,15.95,65.38,11.98,8.65,58.42,8.0,0.94,0.18,6.83,13.16,5.72,24.04
11205,Bedford-Stuyvesant (West)/Clinton Hill/Fort Greene,Bedford-Stuyvesant (West)/Clinton Hill/Fort Greene (11205),BROOKLYN,True,12908,3013.76,9894.24,5524,186.1,321.69,-42.15,170.59,9.09,45.89,23.35,6.57,48.71,25.05,15.51,20.83,2.6,1.48,0.47,2.02,10.04,9.9,33.98
10472,Soundview,Soundview (10472),BRONX,True,18578,3136.0,15442.0,27391,591.27,1021.91,-42.14,707.69,-16.45,52.81,16.88,23.37,53.68,34.16,16.51,33.36,20.24,0.31,0.0,2.82,13.02,15.16,8.83
10009,Alphabet City/East Village/Stuyvesant Town-Cooper Village,Alphabet City/East Village/Stuyvesant Town-Cooper Village (10009),MANHATTAN,True,26954,4143.12,22810.88,11031,161.2,276.51,-41.7,284.49,-43.34,39.09,15.37,9.15,62.81,19.66,5.27,3.2,3.66,2.86,0.47,2.17,16.73,5.91,33.78
11103,Astoria (North)/Astoria (South),Astoria (North)/Astoria (South) (11103),QUEENS,True,13998,0.0,13998.0,5537,131.85,225.55,-41.54,248.75,-46.99,41.99,0.0,9.85,57.49,10.55,5.63,35.88,2.92,0.31,0.32,6.31,11.19,4.57,27.9
11426,Bellerose,Bellerose (11426),QUEENS,True,1905,0.0,1905.0,415,72.62,123.42,-41.16,116.96,-37.91,47.23,0.0,8.14,34.8,7.51,11.81,86.09,3.02,1.28,1.19,2.66,24.51,7.89,32.67
10007,TriBeCa,TriBeCa (10007),MANHATTAN,True,2410,0.0,2410.0,197,27.25,45.54,-40.16,24.55,11.0,47.21,0.0,1.84,22.12,2.14,2.66,5.56,1.08,0.55,0.2,0.0,7.87,0.0,77.07
11365,Auburndale/Fresh Meadows/Pomonok/Utopia,Auburndale/Fresh Meadows/Pomonok/Utopia (11365),QUEENS,True,8779,888.73,7890.27,1740,73.51,122.29,-39.89,191.19,-61.55,50.34,10.12,18.65,27.73,10.37,6.81,31.18,2.73,11.71,2.4,1.81,19.3,4.81,22.27
11231,Carroll Gardens/Cobble Hill/Red Hook,Carroll Gardens/Cobble Hill/Red Hook (11231),BROOKLYN,True,11665,2872.0,8793.0,4153,157.44,259.83,-39.41,151.13,4.17,40.45,24.62,5.14,68.1,13.1,4.49,40.46,3.72,1.0,0.01,0.41,12.08,4.43,47.59
11101,Astoria (South)/Long Island City/Sunnyside,Astoria (South)/Long Island City/Sunnyside (11101),QUEENS,True,17939,3135.99,14803.01,4275,96.26,158.43,-39.24,95.6,0.7,42.57,17.48,9.76,28.58,15.2,8.09,7.24,3.95,2.74,1.13,1.95,7.96,5.32,40.72
11416,Ozone Park,Ozone Park (11416),QUEENS,True,3864,0.0,3864.0,2317,199.88,328.76,-39.2,234.32,-14.7,60.38,0.0,15.62,53.26,18.21,14.26,92.7,9.85,0.74,0.19,4.84,14.13,6.32,23.0
11370,Jackson Heights/Rikers Island,Jackson Heights/Rikers Island (11370),QUEENS,True,5050,0.0,5050.0,1346,88.84,141.63,-37.27,196.9,-54.88,52.01,0.0,23.38,32.79,10.73,13.23,85.68,11.37,3.62,0.45,7.94,12.93,6.52,18.76
11214,Bath Beach/Bensonhurst/Gravesend,Bath Beach/Bensonhurst/Gravesend (11214),BROOKLYN,True,20173,0.0,20173.0,11154,184.31,293.81,-37.27,319.6,-42.33,45.48,0.0,33.58,60.56,19.17,17.42,44.97,4.14,12.0,1.33,16.11,19.1,7.22,20.35
11223,Gravesend/Homecrest,Gravesend/Homecrest (11223),BROOKLYN,True,16930,1762.0,15168.0,8559,188.09,295.03,-36.25,328.42,-42.73,48.59,10.41,29.52,54.81,21.3,17.93,42.5,3.61,6.47,1.22,18.22,17.71,6.7,17.59
11201,Brooklyn Heights/DUMBO/Downtown Brooklyn,Brooklyn Heights/DUMBO/Downtown Brooklyn (11201),BROOKLYN,True,21810,2353.67,19456.33,4495,77.01,120.68,-36.19,72.06,6.87,41.94,10.79,4.87,40.06,10.13,4.84,10.97,1.83,1.99,0.15,0.9,12.84,2.85,55.19
11105,Ditmars Steinway,Ditmars Steinway (11105),QUEENS,True,12076,0.0,12076.0,4683,129.26,202.46,-36.15,184.49,-29.93,43.2,0.0,9.31,56.09,9.21,8.71,50.41,3.22,0.06,0.42,5.61,13.23,4.57,32.58
11357,Whitestone,Whitestone (11357),QUEENS,True,3577,0.0,3577.0,655,61.04,93.34,-34.61,100.74,-39.41,60.46,0.0,12.44,17.36,7.96,6.88,90.75,2.31,4.15,2.66,3.33,25.48,6.53,31.97
10013,Hudson Square/Little Italy/SoHo/TriBeCa,Hudson Square/Little Italy/SoHo/TriBeCa (10013),MANHATTAN,True,8548,0.0,8548.0,3046,118.78,179.51,-33.83,132.9,-10.63,42.06,0.0,13.32,62.14,12.31,4.69,7.35,0.34,11.86,1.12,0.0,17.37,6.21,51.39
10308,Great Kills,Great Kills (10308),STATEN ISLAND,True,2128,0.0,2128.0,567,88.82,132.15,-32.79,132.11,-32.77,60.14,0.0,5.59,16.17,6.1,4.75,89.05,0.61,2.15,0.0,2.84,16.57,3.55,38.54
10458,Belmont/Fordham University/Kingsbridge,Belmont/Fordham University/Kingsbridge (10458),BRONX,True,27899,0.0,27899.0,63117,754.11,1110.66,-32.1,1039.59,-27.46,50.53,0.0,28.53,67.15,31.33,14.43,8.3,25.96,0.0,0.5,2.07,11.77,7.83,5.86
10455,Mott Haven,Mott Haven (10455),BRONX,True,15075,1916.0,13159.0,21423,542.67,779.1,-30.35,608.18,-10.77,54.38,12.71,19.87,32.94,36.73,14.8,15.52,19.32,0.0,0.07,0.48,11.89,11.07,6.28
11361,Bayside (North)/Bayside (South),Bayside (North)/Bayside (South) (11361),QUEENS,True,4614,0.0,4614.0,1366,98.69,141.23,-30.13,134.05,-26.38,42.02,0.0,17.79,26.87,12.32,6.57,67.17,1.82,7.01,6.36,2.6,20.27,4.74,30.18
10453,Morris Heights/Mount Hope/University Heights,Morris Heights/Mount Hope/University Heights (10453),BRONX,True,26922,931.0,25991.0,52956,679.16,955.65,-28.93,683.84,-0.68,55.11,3.46,24.11,40.7,37.9,16.45,10.89,22.11,0.0,0.05,1.95,10.78,7.32,5.9
10010,Flatiron/Gramercy/Kips Bay,Flatiron/Gramercy/Kips Bay (10010),MANHATTAN,True,11276,0.0,11276.0,3292,97.32,133.71,-27.22,125.1,-22.21,46.08,0.0,3.51,50.44,10.95,1.66,4.04,1.09,1.06,0.42,0.94,17.13,1.29,49.7
11222,Greenpoint,Greenpoint (11222),BROOKLYN,True,17452,214.77,17237.23,6612,127.86,173.93,-26.49,158.97,-19.57,33.61,1.23,6.19,58.25,9.51,2.02,29.18,1.12,0.43,0.14,4.49,9.16,3.84,43.44
10310,Port Richmond/Randall Manor/West Brighton,Port Richmond/Randall Manor/West Brighton (10310),STATEN ISLAND,True,3615,0.0,3615.0,2268,209.13,284.14,-26.4,220.51,-5.16,63.8,0.0,7.39,35.41,13.42,7.05,69.16,4.24,0.35,0.1,2.7,13.23,8.44,34.0
11354,Flushing/Murray Hill,Flushing/Murray Hill (11354),QUEENS,True,12584,903.0,11681.0,5202,148.45,200.78,-26.06,218.17,-31.96,50.58,7.18,39.56,26.55,20.26,13.87,23.97,4.97,24.05,7.95,2.6,24.89,6.39,16.83
11429,Queens Village,Queens Village (11429),QUEENS,True,3465,17.0,3448.0,1698,164.15,219.23,-25.12,145.27,13.0,63.55,0.49,7.24,65.51,6.53,7.79,84.3,2.78,1.06,0.24,3.17,20.77,5.96,41.25
11232,Sunset Park,Sunset Park (11232),BROOKLYN,True,6825,0.0,6825.0,4658,227.5,303.57,-25.06,239.5,-5.01,36.6,0.0,18.15,62.34,19.18,17.44,42.53,11.8,3.39,0.44,2.52,10.03,5.5,28.3
11211,East Williamsburg/Williamsburg (North)/Williamsburg (South),East Williamsburg/Williamsburg (North)/Williamsburg (South) (11211),BROOKLYN,True,23292,483.23,22808.77,12353,180.53,235.49,-23.34,143.91,25.45,42.13,2.07,10.78,43.54,20.33,6.11,22.09,7.25,0.31,0.05,3.17,10.31,12.18,40.1
10305,Arrochar/Midland Beach/Shore Acres/South Beach Ocean Breeze,Arrochar/Midland Beach/Shore Acres/South Beach Ocean Breeze (10305),STATEN ISLAND,True,5537,697.0,4840.0,2074,142.84,184.92,-22.76,267.92,-46.69,51.35,12.59,13.1,21.17,11.11,7.01,58.01,2.49,4.49,0.83,5.3,19.59,5.15,23.52
10460,Charlotte Gardens/Tremont/Van Nest/West Farms,Charlotte Gardens/Tremont/Van Nest/West Farms (10460),BRONX,True,20818,305.0,20513.0,35676,579.73,735.8,-21.21,673.7,-13.95,57.21,1.47,22.12,35.77,34.21,10.3,17.89,20.63,0.22,0.0,1.27,13.63,9.68,6.62
10014,Hudson Square/Meatpacking District/West Village,Hudson Square/Meatpacking District/West Village (10014),MANHATTAN,True,11979,0.0,11979.0,4868,135.46,171.73,-21.12,136.26,-0.59,39.75,0.0,1.43,76.22,6.77,4.46,6.45,0.35,0.0,0.31,0.77,17.85,3.56,55.51
10023,Lincoln Square,Lincoln Square (10023),MANHATTAN,True,23354,1258.0,22096.0,5697,85.94,108.63,-20.88,103.91,-17.29,41.21,5.39,3.56,48.29,8.44,4.21,2.52,1.41,0.61,1.03,0.52,21.62,2.85,51.81
11421,Woodhaven,Woodhaven (11421),QUEENS,True,5474,0.0,5474.0,3741,227.8,284.71,-19.99,250.99,-9.24,51.83,0.0,15.71,69.44,10.48,12.2,71.48,9.04,4.36,0.07,2.25,14.69,4.8,28.0
11360,Bayside (North),Bayside (North) (11360),QUEENS,True,2120,0.0,2120.0,424,66.67,82.97,-19.65,98.95,-32.63,49.06,0.0,16.4,6.65,9.97,3.07,52.08,1.31,8.15,4.25,2.7,32.88,5.39,31.6
11355,Flushing/Murray Hill/Queensboro Hill,Flushing/Murray Hill/Queensboro Hill (11355),QUEENS,True,20690,0.0,20690.0,10187,164.12,204.11,-19.59,217.58,-24.57,46.0,0.0,49.09,24.23,21.88,19.24,27.33,5.35,38.07,3.05,2.62,22.98,9.87,13.45
11411,Cambria Heights,Cambria Heights (11411),QUEENS,True,3541,5.0,3536.0,1023,96.44,119.79,-19.49,100.37,-3.92,70.77,0.14,7.97,34.37,6.64,7.06,84.3,3.49,0.21,1.24,3.02,18.87,5.54,38.61
10012,Greenwich Village/SoHo,Greenwich Village/SoHo (10012),MANHATTAN,True,9229,0.0,9229.0,3794,137.03,167.81,-18.34,166.13,-17.51,40.72,0.0,5.14,63.22,10.71,3.2,3.13,0.86,3.18,0.78,0.32,16.68,1.26,46.87
11358,Auburndale/Murray Hill,Auburndale/Murray Hill (11358),QUEENS,True,5594,0.0,5594.0,2279,135.8,166.11,-18.24,166.11,-18.25,48.09,0.0,23.23,36.72,11.98,9.35,72.38,4.18,9.94,5.99,3.12,19.67,3.94,27.09
11377,Woodside,Woodside (11377),QUEENS,True,23705,1353.0,22352.0,10046,149.82,183.06,-18.16,266.05,-43.69,43.76,5.71,26.4,47.8,11.1,13.1,36.44,14.76,2.85,3.76,5.03,17.38,9.56,18.73
11215,Gowanus/Park Slope/Windsor Terrace,Gowanus/Park Slope/Windsor Terrace (11215),BROOKLYN,True,17187,0.0,17187.0,8565,166.11,198.55,-16.34,108.93,52.5,41.32,0.0,2.63,76.59,5.56,3.66,38.28,1.25,0.7,0.17,0.52,12.41,1.7,58.29
10038,Chinatown/Financial District,Chinatown/Financial District (10038),MANHATTAN,True,6951,1930.0,5021.0,1671,110.93,131.12,-15.39,118.1,-6.07,23.22,27.77,13.52,25.68,19.38,4.63,2.86,2.6,9.86,0.38,0.68,16.33,7.35,41.36
11369,Airport/East Elmhurst,Airport/East Elmhurst (11369),QUEENS,True,5442,0.0,5442.0,3007,184.18,217.02,-15.13,241.62,-23.77,59.66,0.0,18.59,39.76,15.62,12.44,84.82,12.98,2.47,0.22,2.93,15.86,2.96,17.65
10456,Claremont/Morrisania,Claremont/Morrisania (10456),BRONX,True,30406,6728.01,23677.99,54976,773.94,911.03,-15.05,713.97,8.4,56.18,22.13,20.56,34.92,38.61,12.61,10.1,17.15,0.14,0.0,3.27,12.01,11.8,4.64
10314,Bloomfield/Freshkills Park,Bloomfield/Freshkills Park (10314),STATEN ISLAND,True,8490,502.0,7988.0,3094,129.11,150.84,-14.4,140.48,-8.09,54.43,5.91,8.07,11.11,11.03,9.31,70.18,1.36,2.46,1.46,2.78,19.79,6.89,34.11
10468,Fordham/Kingsbridge/University Heights,Fordham/Kingsbridge/University Heights (10468),BRONX,True,26029,0.0,26029.0,55925,716.19,829.0,-13.61,852.34,-15.97,45.83,0.0,26.67,63.87,27.92,18.1,4.78,24.25,0.07,0.93,1.41,12.75,7.78,7.18
11368,Corona/North Corona,Corona/North Corona (11368),QUEENS,True,23144,0.0,23144.0,11781,169.68,184.66,-8.11,176.55,-3.89,53.35,0.0,34.9,27.14,19.35,25.8,54.03,26.58,4.21,0.79,3.32,12.0,9.14,15.27
11217,Boerum Hill/Park Slope,Boerum Hill/Park Slope (11217),BROOKLYN,True,14671,1662.0,13009.0,5304,135.91,147.67,-7.97,94.82,43.34,42.25,11.33,3.33,50.86,9.6,4.64,25.29,2.41,0.51,0.11,0.3,12.21,4.16,52.2
11102,Astoria (North),Astoria (North) (11102),QUEENS,True,12063,1094.0,10969.0,5484,166.65,179.43,-7.12,164.12,1.54,41.79,9.07,11.9,40.95,12.59,6.51,24.22,7.27,0.74,0.61,3.28,13.36,4.52,31.99
10011,Chelsea,Chelsea (10011),MANHATTAN,True,17822,943.99,16878.01,6466,127.7,136.53,-6.47,138.89,-8.06,46.44,5.3,3.56,56.69,9.35,3.17,4.69,2.27,0.76,0.17,0.36,19.6,2.56,48.5
11693,Arverne/Broad Channel,Arverne/Broad Channel (11693),QUEENS,True,2847,703.0,2144.0,1129,175.53,184.83,-5.03,211.58,-17.04,46.86,24.69,8.11,25.68,17.99,5.37,31.12,2.72,0.22,0.04,5.14,21.16,5.41,20.96
11221,Bedford-Stuyvesant (East)/Bushwick,Bedford-Stuyvesant (East)/Bushwick (11221),BROOKLYN,True,28796,620.33,28175.67,25344,299.83,315.44,-4.95,267.85,11.94,50.87,2.15,6.59,50.01,23.02,8.2,39.38,4.66,0.82,0.24,0.88,10.69,7.43,26.07
10462,Parkchester/Pelham Parkway/Van Nest/Westchester Square,Parkchester/Pelham Parkway/Van Nest/Westchester Square (10462),BRONX,True,22738,131.0,22607.0,37529,553.35,573.38,-3.49,702.0,-21.17,43.52,0.58,15.93,65.41,20.24,14.3,22.67,9.25,0.42,0.27,5.99,13.41,8.95,12.72
10016,Kips Bay/Murray Hill/NoMad,Kips Bay/Murray Hill/NoMad (10016),MANHATTAN,True,22651,267.0,22384.0,5644,84.05,86.81,-3.18,95.03,-11.56,37.24,1.18,4.52,29.5,10.78,2.85,3.43,0.86,1.58,1.03,1.06,15.0,3.14,47.71
10024,Upper West Side,Upper West Side (10024),MANHATTAN,True,18943,448.72,18494.28,9040,162.93,166.42,-2.1,122.53,32.97,37.47,2.37,2.49,70.93,8.24,5.62,2.92,0.66,0.58,0.06,1.19,22.48,3.24,55.84
10452,Concourse/Highbridge,Concourse/Highbridge (10452),BRONX,True,27776,699.0,27077.0,63553,782.37,797.16,-1.85,666.94,17.31,53.83,2.52,21.82,42.45,34.63,19.24,5.65,19.85,0.03,0.0,1.94,11.03,11.24,5.4
11237,Bushwick/East Williamsburg,Bushwick/East Williamsburg (11237),BROOKLYN,True,16011,0.0,16011.0,14400,299.79,304.22,-1.45,327.96,-8.59,49.04,0.0,11.93,58.77,20.0,9.82,21.71,9.81,0.44,0.48,1.2,9.56,6.54,23.66
11209,Bay Ridge/Fort Hamilton,Bay Ridge/Fort Hamilton (11209),BROOKLYN,True,19413,0.0,19413.0,13363,229.45,231.88,-1.05,293.44,-21.81,37.01,0.0,10.77,67.62,12.27,10.08,25.91,2.29,1.76,0.73,5.98,20.08,6.45,28.35
10017,East Midtown/Murray Hill,East Midtown/Murray Hill (10017),MANHATTAN,True,6602,0.0,6602.0,1900,95.93,96.6,-0.7,106.65,-10.05,42.32,0.0,5.2,37.64,10.01,3.82,1.65,1.16,0.4,2.26,1.38,24.77,2.19,47.46
10467,Allerton/Norwood/Pelham Parkway/Williamsbridge,Allerton/Norwood/Pelham Parkway/Williamsbridge (10467),BRONX,True,32910,1971.61,30938.39,64099,690.61,695.15,-0.65,695.19,-0.66,51.56,5.99,20.59,53.87,27.63,14.55,16.21,16.72,0.05,0.28,3.54,13.35,8.45,9.74
10003,East Village/Gramercy/Greenwich Village,East Village/Gramercy/Greenwich Village (10003),MANHATTAN,True,15410,0.0,15410.0,9008,194.85,195.53,-0.35,144.15,35.17,39.12,0.0,2.28,65.3,12.62,3.41,4.92,0.58,0.69,0.4,0.6,14.51,2.43,51.37
10312,Annadale/Rossville,Annadale/Rossville (10312),STATEN ISLAND,True,3779,0.0,3779.0,1224,107.97,107.74,0.21,126.57,-14.7,42.48,0.0,4.49,5.77,6.14,6.51,97.38,0.46,2.26,0.06,1.71,17.74,6.17,34.4
11373,Elmhurst,Elmhurst (11373),QUEENS,True,23884,0.0,23884.0,12874,179.67,177.74,1.09,213.34,-15.78,46.68,0.0,32.34,39.79,14.8,26.27,38.36,17.08,7.49,4.62,3.14,14.07,6.94,14.98
10075,Lenox Hill/Upper East Side,Lenox Hill/Upper East Side (10075),MANHATTAN,True,7074,0.0,7074.0,2747,129.44,127.88,1.22,94.81,36.52,49.4,0.0,2.31,40.95,13.94,6.18,3.19,0.15,1.11,0.08,0.96,25.2,1.57,51.12
10465,Country Club/Throgs Neck,Country Club/Throgs Neck (10465),BRONX,True,7102,1716.02,5385.98,3098,191.73,188.38,1.78,210.5,-8.92,52.19,24.16,8.59,21.52,14.15,6.25,65.57,5.24,0.63,0.11,2.61,17.03,5.6,27.25
10001,Chelsea/NoMad/West Chelsea,Chelsea/NoMad/West Chelsea (10001),MANHATTAN,True,11939,1122.0,10817.0,3367,103.76,99.1,4.7,89.35,16.12,49.33,9.4,4.84,23.65,15.08,3.53,5.18,1.08,1.61,1.17,0.98,13.41,2.38,47.27
10451,Concourse/Melrose,Concourse/Melrose (10451),BRONX,True,19333,4511.0,14822.0,27197,611.64,583.99,4.73,481.89,26.92,51.76,23.33,15.51,28.45,33.25,12.94,8.01,13.4,0.37,0.17,1.57,13.99,11.28,10.88
11379,Middle Village,Middle Village (11379),QUEENS,True,5626,0.0,5626.0,2348,139.12,132.64,4.88,144.86,-3.97,39.27,0.0,11.71,36.15,8.06,8.34,78.14,2.46,1.97,0.38,6.9,24.15,7.08,29.96
11230,Midwood,Midwood (11230),BROOKLYN,True,22864,0.0,22864.0,21721,316.67,301.59,5.0,341.3,-7.22,47.47,0.0,24.95,61.48,20.19,20.25,19.41,3.61,1.1,2.23,18.01,18.39,10.27,18.57
10065,Lenox Hill/Upper East Side,Lenox Hill/Upper East Side (10065),MANHATTAN,True,10336,0.0,10336.0,3175,102.39,96.38,6.24,106.48,-3.84,48.63,0.0,2.06,47.53,6.26,1.72,6.75,0.19,0.62,0.02,1.24,22.27,5.72,51.67
10301,Silver Lake/St. George,Silver Lake/St. George (10301),STATEN ISLAND,True,7900,866.0,7034.0,8301,393.38,369.98,6.32,316.78,24.18,60.35,10.96,6.38,36.27,18.72,11.16,42.13,2.78,0.84,0.65,2.11,15.75,8.32,24.92
10309,Charleston/Prince's Bay/Woodrow,Charleston/Prince's Bay/Woodrow (10309),STATEN ISLAND,True,2892,0.0,2892.0,1147,132.2,123.74,6.84,108.18,22.21,53.01,0.0,4.56,10.3,7.1,6.09,89.66,0.59,0.72,0.33,2.92,17.56,3.44,40.69
11212,Ocean Hill-Brownsville,Ocean Hill-Brownsville (11212),BROOKLYN,True,28705,7042.0,21663.0,32265,496.47,462.18,7.42,505.89,-1.86,62.49,24.53,8.83,39.11,33.56,8.52,27.67,5.19,0.12,0.26,3.25,14.34,11.33,7.92
11356,College Point,College Point (11356),QUEENS,True,4101,13.0,4088.0,1611,131.36,122.15,7.54,121.71,7.93,51.27,0.32,25.61,24.19,11.15,14.44,90.2,7.25,10.57,3.38,4.42,19.72,4.27,26.68
11104,Sunnyside,Sunnyside (11104),QUEENS,True,9791,0.0,9791.0,7740,263.51,243.15,8.37,299.75,-12.09,42.29,0.0,14.55,65.23,10.56,12.55,11.02,7.73,0.39,1.86,4.57,13.19,5.32,23.53
10029,East Harlem,East Harlem (10029),MANHATTAN,True,31242,10347.99,20894.01,19326,308.32,283.18,8.88,404.34,-23.75,48.79,33.12,16.16,31.53,30.98,8.04,3.81,11.53,2.81,0.64,1.18,16.21,14.13,13.24
10128,Upper East Side/Yorkville,Upper East Side/Yorkville (10128),MANHATTAN,True,21089,1167.0,19922.0,6437,107.7,98.46,9.39,104.81,2.76,41.71,5.53,2.46,41.72,8.92,3.81,2.81,0.95,0.24,0.3,0.96,22.89,2.4,49.29
11372,Jackson Heights,Jackson Heights (11372),QUEENS,True,16088,0.0,16088.0,13510,279.92,253.89,10.25,217.17,28.89,46.66,0.0,25.28,59.73,14.56,25.55,16.09,17.17,1.37,1.28,5.46,18.04,6.37,23.34
10030,Central Harlem (North),Central Harlem (North) (10030),MANHATTAN,True,11306,1211.0,10095.0,21986,725.97,655.51,10.75,739.77,-1.87,49.73,10.71,10.31,56.5,36.43,4.39,6.82,7.21,0.97,0.0,2.13,16.0,8.91,10.69
11417,Ozone Park,Ozone Park (11417),QUEENS,True,3968,0.0,3968.0,2401,201.7,181.91,10.88,175.49,14.94,56.52,0.0,12.21,40.2,12.28,10.74,83.19,4.76,1.0,1.95,4.51,15.61,8.55,26.12
11233,Bedford-Stuyvesant (East)/Ocean Hill-Brownsville,Bedford-Stuyvesant (East)/Ocean Hill-Brownsville (11233),BROOKLYN,True,25133,2427.0,22706.0,25885,380.0,342.53,10.94,412.19,-7.81,58.8,9.66,3.75,52.04,23.62,7.0,38.64,2.49,0.25,0.63,0.38,13.67,8.42,16.88
10302,Elm Park,Elm Park (10302),STATEN ISLAND,True,2722,0.0,2722.0,3460,423.71,375.72,12.77,331.71,27.73,63.67,0.0,8.07,39.79,17.08,11.61,76.93,5.32,0.88,0.45,1.44,12.15,6.87,23.65
10306,Lighthouse Hill/Midland Beach/New Dorp/Oakwood,Lighthouse Hill/Midland Beach/New Dorp/Oakwood (10306),STATEN ISLAND,True,6163,506.0,5657.0,3020,177.95,156.92,13.4,191.29,-6.97,47.25,8.21,8.96,17.1,9.4,6.47,67.56,0.42,4.03,0.09,4.41,19.38,5.12,30.01
10466,Edenwald/Wakefield,Edenwald/Wakefield (10466),BRONX,True,14987,0.0,14987.0,25208,560.66,494.07,13.48,449.7,24.68,52.05,0.0,6.73,50.38,22.12,12.3,42.44,6.04,0.1,0.13,0.47,15.77,9.3,18.66
11235,Brighton Beach/Manhattan Beach/Sheepshead Bay,Brighton Beach/Manhattan Beach/Sheepshead Bay (11235),BROOKLYN,True,22727,331.77,22395.23,11381,169.4,147.43,14.9,175.72,-3.6,49.98,1.46,46.96,35.02,18.06,32.24,28.89,3.13,1.39,1.84,40.6,26.49,10.28,18.0
10457,Belmont/Claremont/Mount Hope/Tremont,Belmont/Claremont/Mount Hope/Tremont (10457),BRONX,True,26242,114.0,26128.0,63161,805.79,700.01,15.11,645.17,24.9,49.76,0.43,25.26,39.83,32.77,16.11,12.72,22.55,0.18,0.0,2.54,10.26,11.29,6.26
11375,Forest Hills,Forest Hills (11375),QUEENS,True,16855,0.0,16855.0,8594,169.96,146.8,15.78,152.92,11.15,43.82,0.0,12.57,42.87,8.7,7.39,19.15,2.05,4.28,2.03,4.22,20.57,3.52,33.55
10473,Castle Hill/Clason Point/Soundview,Castle Hill/Clason Point/Soundview (10473),BRONX,True,16300,4773.99,11526.01,11655,337.06,288.57,16.8,391.63,-13.93,55.37,29.29,15.66,21.79,22.64,9.43,24.72,14.97,0.0,0.13,0.56,18.95,10.94,12.92
10461,Morris Park/Pelham Bay/Westchester Square,Morris Park/Pelham Bay/Westchester Square (10461),BRONX,True,13645,0.0,13645.0,14795,361.43,299.99,20.48,397.51,-9.08,43.83,0.0,11.46,41.93,16.02,9.85,47.75,7.76,0.81,0.69,2.2,14.83,8.66,18.46
11418,Richmond Hill,Richmond Hill (11418),QUEENS,True,6031,0.0,6031.0,5125,283.26,235.06,20.51,266.33,6.36,58.4,0.0,11.89,62.94,9.98,13.85,53.09,7.73,0.52,0.08,3.56,16.9,5.1,23.59
11229,Gerritsen Beach/Homecrest/Sheepshead Bay,Gerritsen Beach/Homecrest/Sheepshead Bay (11229),BROOKLYN,True,16211,1866.23,14344.77,8750,203.33,168.02,21.02,190.39,6.8,47.62,11.51,26.67,43.36,16.9,27.01,27.27,2.16,5.11,1.7,17.71,21.87,9.3,21.78
10459,Charlotte Gardens/Hunts Point,Charlotte Gardens/Hunts Point (10459),BRONX,True,16123,413.99,15709.01,31636,671.29,554.56,21.05,528.17,27.1,53.48,2.57,24.67,23.56,33.72,11.69,15.2,22.01,0.24,0.08,2.34,12.26,11.46,7.18
11213,Crown Heights (East),Crown Heights (East) (11213),BROOKLYN,True,22771,1208.0,21563.0,34836,538.52,437.0,23.23,523.57,2.85,53.35,5.3,4.48,69.33,22.58,9.06,20.02,1.48,0.67,0.1,2.24,14.4,8.97,17.04
11239,East New York,East New York (11239),BROOKLYN,True,7487,286.0,7201.0,3700,171.27,137.76,24.33,279.1,-38.63,58.08,3.82,19.8,2.94,25.24,6.16,6.24,3.44,0.42,1.75,14.18,28.96,17.94,8.94
11419,Richmond Hill/South Ozone Park,Richmond Hill/South Ozone Park (11419),QUEENS,True,5084,1.0,5083.0,4665,305.92,245.71,24.5,206.75,47.97,51.98,0.02,9.2,59.44,11.63,17.78,87.79,3.8,1.67,0.21,3.52,18.76,6.82,25.8
11435,Briarwood/Jamaica,Briarwood/Jamaica (11435),QUEENS,True,12853,4.0,12849.0,9783,253.79,201.69,25.84,238.72,6.31,45.21,0.03,23.01,39.9,15.7,15.09,35.24,9.2,1.83,1.45,10.54,15.49,4.77,18.12
11364,Bayside (South)/Oakland Gardens,Bayside (South)/Oakland Gardens (11364),QUEENS,True,3993,0.0,3993.0,1701,142.0,112.48,26.24,127.08,11.74,49.85,0.0,18.02,28.45,7.68,6.41,75.33,1.5,10.32,3.51,2.68,23.08,5.93,31.18
10028,Upper East Side/Yorkville,Upper East Side/Yorkville (10028),MANHATTAN,True,16175,0.0,16175.0,5114,105.39,83.06,26.88,84.55,24.65,43.14,0.0,2.42,45.46,4.92,5.42,2.97,0.39,0.17,0.41,1.45,21.86,2.43,54.61
10035,East Harlem,East Harlem (10035),MANHATTAN,True,13939,2145.0,11794.0,15060,425.64,330.01,28.98,380.29,11.93,52.26,15.39,14.74,29.61,34.21,8.51,8.62,11.6,0.62,0.42,2.1,14.78,14.49,14.17
11224,Brighton Beach/Coney Island/Seagate,Brighton Beach/Coney Island/Seagate (11224),BROOKLYN,True,14886,4066.99,10819.01,6955,214.28,165.85,29.2,251.04,-14.64,64.44,27.32,38.37,13.24,25.48,12.09,12.94,3.41,1.95,0.13,32.88,27.27,10.91,12.47
11434,Airport/South Jamaica/Springfield Gardens/St. Albans,Airport/South Jamaica/Springfield Gardens/St. Albans (11434),QUEENS,True,11999,389.0,11610.0,6444,185.01,138.0,34.07,180.69,2.39,62.1,3.24,4.26,22.28,14.05,6.59,41.18,1.19,0.39,0.16,2.52,15.63,4.9,21.98
11414,Hamilton Beach/Howard Beach/Lindenwood,Hamilton Beach/Howard Beach/Lindenwood (11414),QUEENS,True,3056,0.0,3056.0,1110,121.07,89.99,34.55,107.71,12.41,55.32,0.0,6.11,19.5,6.92,7.85,81.68,3.05,0.0,0.17,2.89,24.05,8.4,30.74
11106,Astoria (South),Astoria (South) (11106),QUEENS,True,16088,2160.0,13928.0,13300,318.3,235.76,35.01,232.91,36.67,20.29,13.43,11.14,51.72,14.06,9.92,22.1,4.8,0.6,1.55,4.2,14.15,5.78,26.1
10304,New Dorp/Todt Hill,New Dorp/Todt Hill (10304),STATEN ISLAND,True,7988,693.0,7295.0,9304,425.13,311.69,36.4,339.25,25.32,61.51,8.68,12.33,29.22,18.34,12.92,43.68,4.75,3.69,0.53,3.35,15.59,12.17,19.46
10036,Hell's Kitchen/Midtown Manhattan,Hell's Kitchen/Midtown Manhattan (10036),MANHATTAN,True,17003,0.0,17003.0,7048,138.17,100.87,36.98,171.47,-19.42,43.73,0.0,7.96,27.65,13.96,2.36,2.25,3.33,1.56,1.13,1.93,15.92,7.69,33.11
11374,Rego Park,Rego Park (11374),QUEENS,True,11417,0.0,11417.0,7417,216.55,157.73,37.29,168.93,28.19,43.16,0.0,22.75,36.24,12.99,13.96,16.91,4.35,7.15,2.2,9.05,22.36,5.49,25.94
11216,Bedford-Stuyvesant (West)/Crown Heights (West),Bedford-Stuyvesant (West)/Crown Heights (West) (11216),BROOKLYN,True,21352,0.0,21352.0,24529,382.93,278.87,37.31,260.88,46.78,47.14,0.0,2.01,63.3,16.01,4.73,38.83,1.09,0.07,0.36,0.49,11.78,5.47,32.53
10044,Roosevelt Island,Roosevelt Island (10044),MANHATTAN,True,4199,0.0,4199.0,984,78.11,56.61,37.98,88.41,-11.65,30.79,0.0,17.2,7.69,11.95,11.98,0.83,0.43,3.65,8.33,4.79,18.6,3.81,36.6
10025,Manhattan Valley/Morningside Heights/Upper West Side,Manhattan Valley/Morningside Heights/Upper West Side (10025),MANHATTAN,True,28474,3002.27,25471.73,22590,295.62,213.04,38.77,224.3,31.8,46.0,10.54,6.68,61.78,15.58,5.45,1.87,3.88,0.47,0.26,2.08,22.74,4.63,38.55
11692,Arverne/Edgemere,Arverne/Edgemere (11692),QUEENS,True,5400,588.0,4812.0,5496,380.71,272.1,39.92,209.56,81.68,61.84,10.89,8.48,16.43,28.25,10.11,33.96,6.32,0.02,0.0,2.13,13.05,5.68,16.82
11218,Kensington/Windsor Terrace,Kensington/Windsor Terrace (11218),BROOKLYN,True,15656,0.0,15656.0,13987,297.8,208.47,42.85,202.97,46.72,44.01,0.0,12.03,58.24,14.06,14.83,31.39,2.63,1.14,0.39,7.87,14.19,8.34,31.58
11366,Fresh Meadows/Hillcrest,Fresh Meadows/Hillcrest (11366),QUEENS,True,1294,0.0,1294.0,603,155.33,105.94,46.63,89.28,73.98,45.61,0.0,14.09,24.34,7.95,6.96,82.53,3.91,6.7,0.55,2.91,23.16,4.45,37.91
10018,Hell's Kitchen/Midtown Manhattan,Hell's Kitchen/Midtown Manhattan (10018),MANHATTAN,True,4254,0.0,4254.0,1720,134.78,91.76,46.88,73.79,82.65,44.01,0.0,8.78,19.04,15.59,5.5,3.48,1.74,4.37,2.34,0.33,8.66,2.59,49.36
11415,Kew Gardens,Kew Gardens (11415),QUEENS,True,5043,0.0,5043.0,4163,275.17,186.01,47.93,255.31,7.78,50.18,0.0,10.58,51.68,9.99,8.29,14.32,5.06,0.88,0.72,3.92,17.24,4.67,24.16
10463,Kingsbridge/Marble Hill/Riverdale/Spuyten Duyvil,Kingsbridge/Marble Hill/Riverdale/Spuyten Duyvil (10463),BRONX,True,18964,1680.0,17284.0,26107,503.49,338.1,48.92,359.15,40.19,42.98,8.86,12.17,43.78,18.69,12.89,6.94,9.07,0.11,0.86,2.14,20.92,5.62,21.82
10474,Hunts Point,Hunts Point (10474),BRONX,True,3501,131.04,3369.96,9380,927.81,615.52,50.74,528.55,75.54,56.18,3.74,22.52,43.87,29.33,18.88,20.99,20.39,0.0,0.0,2.13,10.62,14.08,10.59
10022,East Midtown,East Midtown (10022),MANHATTAN,True,9018,0.0,9018.0,2986,110.37,72.78,51.65,66.84,65.13,40.42,0.0,3.47,32.39,6.99,4.47,2.14,0.22,1.02,0.99,1.23,28.47,3.57,56.18
11428,Queens Village,Queens Village (11428),QUEENS,True,1580,0.0,1580.0,1761,371.52,242.42,53.25,243.59,52.52,49.06,0.0,10.01,64.3,9.64,12.85,66.52,6.74,0.35,0.66,2.25,22.29,9.91,26.4
10303,Graniteville/Mariner's Harbor/Port Ivory,Graniteville/Mariner's Harbor/Port Ivory (10303),STATEN ISLAND,True,3053,600.0,2453.0,3619,491.78,319.36,53.99,296.15,66.06,61.54,19.65,7.44,28.4,17.86,7.5,68.88,4.57,1.61,0.63,0.64,13.31,6.64,24.44
10031,Hamilton Heights/West Harlem,Hamilton Heights/West Harlem (10031),MANHATTAN,True,19316,0.0,19316.0,38378,662.28,429.72,54.12,627.93,5.47,48.63,0.0,15.06,72.03,23.95,4.64,6.83,12.66,0.14,0.0,2.26,13.86,6.67,18.63
11207,Cypress Hills/East New York,Cypress Hills/East New York (11207),BROOKLYN,True,26405,1280.81,25124.19,33264,441.33,285.31,54.68,351.69,25.49,60.13,4.85,9.45,40.07,24.92,10.9,41.99,7.64,0.28,0.2,1.33,15.42,10.44,14.27
10021,Lenox Hill/Upper East Side,Lenox Hill/Upper East Side (10021),MANHATTAN,True,11579,150.0,11429.0,4147,120.95,77.98,55.1,97.96,23.47,45.38,1.3,2.89,41.88,4.72,2.18,0.99,1.47,0.35,0.42,0.66,26.87,2.78,51.2
11436,South Jamaica/South Ozone Park,South Jamaica/South Ozone Park (11436),QUEENS,True,2294,15.0,2279.0,1762,257.72,164.76,56.42,163.24,57.87,63.56,0.65,4.72,33.04,12.48,8.98,97.82,2.59,0.11,0.0,2.02,14.09,9.7,25.61
10469,Allerton/Baychester/Pelham Gardens/Williamsbridge,Allerton/Baychester/Pelham Gardens/Williamsbridge (10469),BRONX,True,11632,898.4,10733.6,16331,507.16,320.38,58.3,381.61,32.9,43.42,7.72,7.81,42.04,16.6,7.81,60.38,4.16,0.25,0.43,2.96,18.46,8.6,20.28
10033,Washington Heights (North)/Washington Heights (South),Washington Heights (North)/Washington Heights (South) (10033),MANHATTAN,True,16811,0.0,16811.0,28107,557.31,350.96,58.8,561.04,-0.66,43.58,0.0,16.8,81.32,18.15,10.77,1.58,15.58,0.29,0.24,0.69,15.15,6.12,21.16
10032,Washington Heights (South),Washington Heights (South) (10032),MANHATTAN,True,19748,0.0,19748.0,39231,662.19,404.29,63.79,768.46,-13.83,45.54,0.0,17.55,74.42,22.41,6.75,3.27,15.97,0.83,0.24,0.51,19.43,10.72,13.32
10027,Central Harlem (South)/Morningside Heights/West Harlem,Central Harlem (South)/Morningside Heights/West Harlem (10027),MANHATTAN,True,20525,3463.0,17062.0,26278,513.38,313.14,63.95,362.68,41.55,48.81,16.87,7.66,50.27,26.06,6.74,10.21,5.36,0.85,0.43,1.02,13.12,8.87,22.94
11238,Clinton Hill/Prospect Heights,Clinton Hill/Prospect Heights (11238),BROOKLYN,True,20189,680.57,19508.43,17080,291.84,175.08,66.69,127.23,129.38,46.98,3.37,4.03,51.92,12.15,3.85,21.32,1.98,0.78,0.25,1.01,11.42,4.26,46.24
11422,Rosedale,Rosedale (11422),QUEENS,True,3330,0.0,3330.0,2130,213.21,127.21,67.6,95.84,122.48,56.53,0.0,2.45,27.69,9.52,6.1,97.96,0.27,0.22,0.15,1.81,17.85,4.49,37.71
11691,Edgemere/Far Rockaway,Edgemere/Far Rockaway (11691),QUEENS,True,16665,1316.0,15349.0,15531,337.29,197.15,71.08,212.32,58.86,59.83,7.9,14.03,20.39,21.9,13.85,29.82,8.55,0.3,0.1,5.09,17.5,9.21,15.21
11208,Cypress Hills/East New York,Cypress Hills/East New York (11208),BROOKLYN,True,25836,3005.01,22830.99,27272,398.17,228.9,73.95,314.5,26.61,58.88,11.63,15.94,50.21,18.68,22.16,56.79,11.84,0.3,0.41,3.39,12.73,4.86,13.87
11423,Hollis/Holliswood,Hollis/Holliswood (11423),QUEENS,True,4262,1.0,4261.0,3533,276.38,157.76,75.19,171.43,61.22,57.97,0.02,12.89,37.52,11.95,17.36,62.93,7.39,1.32,0.75,3.43,19.33,10.12,22.84
10019,Hell's Kitchen/Midtown Manhattan,Hell's Kitchen/Midtown Manhattan (10019),MANHATTAN,True,21120,376.0,20744.0,9156,147.13,83.56,76.07,100.6,46.25,47.85,1.78,4.89,30.17,10.16,4.64,1.31,2.29,0.86,1.21,0.52,18.79,5.2,45.6
11203,East Flatbush (North)/East Flatbush (South),East Flatbush (North)/East Flatbush (South) (11203),BROOKLYN,True,17665,0.0,17665.0,24108,454.91,255.7,77.91,422.99,7.55,58.54,0.0,3.35,57.11,16.92,8.18,43.05,0.91,0.31,0.0,2.13,21.86,5.94,16.37
11412,St. Albans,St. Albans (11412),QUEENS,True,3422,32.0,3390.0,4242,417.11,233.32,78.77,230.95,80.61,61.34,0.94,4.08,57.54,10.41,9.15,86.67,1.66,0.0,0.06,2.37,16.8,6.32,26.49
11427,Bellerose/Hollis Hills/Holliswood,Bellerose/Hollis Hills/Holliswood (11427),QUEENS,True,3076,0.0,3076.0,2712,293.89,161.33,82.16,191.78,53.24,58.89,0.0,8.86,39.66,10.84,7.83,47.82,3.79,0.59,1.11,3.38,22.81,6.69,25.96
11234,Bergen Beach/Flatlands/Marine Park/Mill Basin,Bergen Beach/Flatlands/Marine Park/Mill Basin (11234),BROOKLYN,True,9438,1008.1,8429.9,5654,223.57,122.43,82.6,163.09,37.08,56.63,10.68,6.44,39.94,9.54,8.89,72.59,0.8,1.56,0.23,3.85,21.83,6.65,30.88
10470,Wakefield/Woodlawn,Wakefield/Woodlawn (10470),BRONX,True,3790,0.0,3790.0,7936,697.98,359.59,94.11,498.97,39.88,41.24,0.0,3.37,64.14,11.01,2.9,37.78,1.16,0.0,0.25,1.96,19.02,6.03,24.48
10040,Washington Heights (North),Washington Heights (North) (10040),MANHATTAN,True,13347,0.0,13347.0,23611,589.67,298.09,97.82,625.62,-5.75,49.29,0.0,20.65,75.19,17.33,10.07,2.23,18.18,0.2,0.13,2.15,19.42,5.33,16.24
11432,Hillcrest/Jamaica Estates/Jamaica Hills,Hillcrest/Jamaica Estates/Jamaica Hills (11432),QUEENS,True,13346,298.0,13048.0,11399,291.21,146.52,98.75,161.72,80.07,48.0,2.23,21.94,28.26,15.33,23.37,25.8,7.35,1.51,1.18,11.9,17.66,6.87,19.27
11420,South Ozone Park,South Ozone Park (11420),QUEENS,True,3909,8.0,3901.0,4701,401.69,189.77,111.67,145.52,176.04,52.1,0.2,5.27,49.02,11.13,21.57,89.66,2.72,0.63,0.0,1.92,16.14,4.79,28.39
11225,Crown Heights (West)/Prospect Lefferts Gardens,Crown Heights (West)/Prospect Lefferts Gardens (11225),BROOKLYN,True,20085,0.0,20085.0,34405,570.99,265.29,115.23,349.1,63.56,47.78,0.0,4.0,64.69,15.78,9.22,12.1,0.82,0.36,0.24,2.59,15.06,7.45,24.31
10037,Central Harlem (North)/East Harlem,Central Harlem (North)/East Harlem (10037),MANHATTAN,True,9014,1283.0,7731.0,11576,499.12,223.51,123.31,327.39,52.45,49.38,14.23,3.04,24.93,29.03,6.65,2.54,2.0,0.54,0.0,0.49,17.88,9.21,16.31
11433,Jamaica,Jamaica (11433),QUEENS,True,5898,1266.0,4632.0,4728,340.24,151.64,124.37,198.7,71.23,61.72,21.46,13.18,29.7,12.86,8.34,63.75,5.64,0.41,0.31,6.81,13.61,6.24,20.79
11236,Canarsie,Canarsie (11236),BROOKLYN,True,15014,1342.09,13671.91,12959,315.95,134.69,134.57,238.53,32.46,50.65,8.94,4.31,33.0,13.23,6.15,71.92,0.71,0.53,0.04,3.03,20.65,7.09,20.72
11694,Belle Harbor-Neponsit/Rockaway Park,Belle Harbor-Neponsit/Rockaway Park (11694),QUEENS,True,3963,0.0,3963.0,3146,264.61,111.77,136.75,102.05,159.29,51.94,0.0,5.56,21.47,10.92,7.14,34.34,1.74,0.54,0.85,2.44,21.79,2.07,35.27
11226,Flatbush/Prospect Lefferts Gardens,Flatbush/Prospect Lefferts Gardens (11226),BROOKLYN,True,32796,0.0,32796.0,67245,683.47,267.01,155.97,368.02,85.72,51.73,0.0,6.33,64.87,15.9,10.01,13.03,2.02,0.42,0.2,3.69,13.85,10.23,22.66
11413,Laurelton/Rosedale,Laurelton/Rosedale (11413),QUEENS,True,3693,8.0,3685.0,2883,260.79,99.93,160.96,103.72,151.43,63.16,0.22,2.9,25.72,6.08,5.42,92.91,0.69,0.06,0.0,2.14,15.43,6.64,34.89
10471,Fieldston/North Riverdale/Riverdale,Fieldston/North Riverdale/Riverdale (10471),BRONX,True,3785,0.0,3785.0,4296,378.34,143.62,163.44,207.34,82.47,47.74,0.0,6.09,35.46,5.79,6.39,19.42,2.08,0.01,0.35,3.64,27.57,4.05,32.97
10039,Central Harlem (North)/Washington Heights (South),Central Harlem (North)/Washington Heights (South) (10039),MANHATTAN,True,11195,2596.0,8599.0,20010,775.67,286.32,170.91,475.45,63.14,54.66,23.19,6.79,40.78,28.47,11.9,4.28,6.03,0.2,0.12,0.44,11.38,9.22,10.45
10034,Inwood/Washington Heights (North),Inwood/Washington Heights (North) (10034),MANHATTAN,True,13527,1163.0,12364.0,26627,717.86,250.84,186.19,489.25,46.73,38.51,8.6,21.32,70.99,16.16,13.11,1.37,20.34,0.25,0.63,0.1,16.39,6.57,19.0
11367,Kew Gardens Hills/Pomonok,Kew Gardens Hills/Pomonok (11367),QUEENS,True,7161,1179.28,5981.72,6229,347.11,118.43,193.09,143.25,142.31,48.31,16.47,18.36,19.17,13.36,13.6,37.82,2.77,9.07,1.15,5.37,19.1,5.06,22.98
11210,Flatlands/Midwood,Flatlands/Midwood (11210),BROOKLYN,True,11562,0.0,11562.0,18625,536.96,149.53,259.09,243.96,120.1,59.98,0.0,6.36,50.48,11.01,14.07,26.09,0.83,0.35,0.08,5.1,18.34,6.08,23.98
10026,Central Harlem (South),Central Harlem (South) (10026),MANHATTAN,True,11964,1378.0,10586.0,23042,725.55,190.23,281.41,276.32,162.57,46.19,11.52,4.32,50.07,17.73,7.47,6.98,2.76,0.03,0.22,1.31,10.47,6.21,27.95
10307,Tottenville,Tottenville (10307),STATEN ISLAND,False,822,0.0,822.0,265,107.46,,,,,54.34,0.0,4.28,10.83,6.01,10.22,95.99,0.0,0.0,0.19,4.09,14.15,5.07,48.42
10464,City Island,City Island (10464),BRONX,False,500,0.0,500.0,457,304.67,,,,,55.36,0.0,1.08,54.4,5.2,0.0,60.6,0.0,0.0,0.0,1.08,44.02,2.46,34.17
11363,Douglaston-Little Neck,Douglaston-Little Neck (11363),QUEENS,False,769,0.0,769.0,317,137.41,,,,,45.43,0.0,7.57,38.23,8.03,5.59,43.82,4.15,2.51,0.52,0.38,27.86,3.18,43.84
11697,Breezy Point,Breezy Point (11697),QUEENS,False,15,0.0,15.0,7,155.56,,,,,14.29,0.0,0.0,66.67,6.64,0.0,100.0,0.0,0.0,0.0,0.0,26.48,4.44,42.94
