zcta,total_population,households,lep_spanish,lep_chinese,lep_other_asian,lep_other,internet_universe,no_internet,renter_households,renter_units_year_built_universe,renter_units_pre1950,renter_units_occupancy_universe,renter_units_overcrowded,renter_units_structure_universe,renter_units_1_to_4,poverty_universe,below_poverty,income_universe,income_150k_plus,age_universe,age_65_plus
10001,30511,15737,170,254,184,154,15737,375,11939,11939,2823,11939,421,11939,619,28717,4331,15737,7439,30511,4093
10002,76873,36556,1451,6995,226,665,36556,4268,29732,29732,14613,29732,1833,29732,744,75968,21221,36556,6596,76873,17934
10003,53560,24503,143,170,97,148,24503,596,15410,15410,10062,15410,526,15410,758,43601,5501,24503,12588,53560,7771
10004,3711,1865,0,7,0,71,1865,0,1060,1060,778,1060,21,1060,58,3683,129,1865,1320,3711,188
10005,9439,5248,9,0,0,0,5248,144,4323,4323,2466,4323,289,4323,238,9439,402,5248,3085,9439,318
10006,4096,2149,0,0,0,140,2149,31,1812,1812,1440,1812,157,1812,125,4096,599,2149,1361,4096,141
10007,7406,3344,37,19,7,0,3344,0,2326,2326,533,2326,64,2326,134,7157,159,3344,2558,7406,603
10009,60209,30082,1101,860,141,652,30082,1778,26954,26954,16930,26954,1421,26954,862,60173,11830,30082,10161,60209,10073
10010,30702,15632,170,165,66,147,15632,202,11276,11276,5688,11276,187,11276,456,28222,3089,15632,7769,30702,5260
10011,48277,27802,630,212,47,100,27802,712,17822,17822,10104,17822,565,17822,836,46589,4354,27802,13484,48277,9464
10012,21426,11901,102,379,93,38,11901,150,9229,9229,5835,9229,295,9229,289,20404,2185,11901,5578,21426,3574
10013,27219,12230,41,1451,137,0,12230,760,8548,8548,5312,8548,401,8548,628,25371,3124,12230,6285,27219,4727
10014,29230,17218,61,0,53,133,17218,613,11979,11979,9130,11979,534,11979,773,28817,1952,17218,9557,29230,5217
10016,52971,30235,260,477,311,320,30235,949,22651,22651,6683,22651,646,22651,776,51628,5567,30235,14424,52971,7946
10017,15297,9683,112,39,219,134,9683,212,6602,6602,2485,6602,252,6602,109,15236,1525,9683,4596,15297,3789
10018,8559,4783,83,209,112,16,4783,124,4254,4254,810,4254,234,4254,148,8481,1322,4783,2361,8559,741
10019,44942,26682,612,229,323,140,26682,1388,21120,21120,6372,21120,981,21120,276,44606,4530,26682,12167,44942,8445
10020,0,0,0,0,0,0,0,0,0,0,0,0,0,0,0,0,0,0,0,0,0
10021,39868,20953,307,74,87,138,20953,582,11579,11579,4849,11579,252,11579,115,39104,1846,20953,10728,39868,10713
10022,34049,18804,42,192,187,232,18804,672,9018,9018,2921,9018,403,9018,193,33882,2370,18804,10562,34049,9695
10023,69455,37708,532,229,387,195,37708,1076,23354,23354,11278,23354,983,23354,589,67234,5673,37708,19535,69455,15019
10024,63115,30120,199,176,18,358,30120,976,18943,18943,13436,18943,1064,18943,554,62048,5112,30120,16818,63115,14186
10025,93065,41334,1602,193,108,858,41334,1915,28474,28474,17591,28474,1551,28474,533,88111,13730,41334,15935,93065,21160
10026,37123,15634,432,4,35,205,15634,971,11964,11964,5990,11964,894,11964,835,37094,6578,15634,4370,37123,3886
10027,63885,24856,1333,211,108,253,24856,2205,20525,20525,10318,20525,1383,20525,2096,55729,14525,24856,5703,63885,8381
10028,49077,26288,103,45,107,381,26288,640,16175,16175,7353,16175,877,16175,481,49042,2414,26288,14355,49077,10729
10029,77447,33660,3881,945,214,398,33660,4756,31242,31242,9850,31242,2512,31242,1191,75081,23262,33660,4455,77447,12557
10030,29297,13092,944,127,0,279,13092,1166,11306,11306,6388,11306,496,11306,771,29199,10638,13092,1399,29297,4688
10031,61058,22499,2848,31,0,509,22499,1501,19316,19316,13913,19316,896,19316,1319,60370,14458,22499,4192,61058,8463
10032,55610,21584,3448,179,52,109,21584,2314,19748,19748,14697,19748,1333,19748,645,54219,12152,21584,2876,55610,10805
10033,54838,19973,3112,58,48,137,19973,1222,16811,16811,13671,16811,1810,16811,266,54018,9803,19973,4227,54838,8310
10034,37758,15308,3113,38,97,15,15308,1005,13527,13527,9603,13527,1773,13527,185,37708,6094,15308,2909,37758,6190
10035,38862,15655,1816,97,66,329,15655,2268,13939,13939,4127,13939,1186,13939,1202,38039,13013,15655,2219,38862,5744
10036,31036,18991,633,297,215,366,18991,1461,17003,17003,4701,17003,402,17003,382,30680,4282,18991,6287,31036,4940
10037,19031,9982,200,54,0,49,9982,919,9014,9014,2247,9014,599,9014,229,18732,5437,9982,1628,19031,3402
10038,22235,10162,264,1002,39,69,10162,747,6951,6951,1785,6951,322,6951,199,20474,3967,10162,4203,22235,3630
10039,32492,12966,782,26,16,57,12966,1196,11195,11195,4565,11195,1332,11195,479,32410,9228,12966,1355,32492,3699
10040,40096,15861,2884,31,20,341,15861,846,13347,13347,10036,13347,1344,13347,298,39156,6785,15861,2576,40096,7786
10044,11520,5175,22,189,431,248,5175,197,4199,4199,323,4199,503,4199,35,10816,1293,5175,1894,11520,2143
10065,30808,16188,30,100,3,200,16188,926,10336,10336,4913,10336,178,10336,698,30679,1921,16188,8364,30808,6860
10069,6509,2934,0,0,130,0,2934,0,2100,2100,0,2100,71,2100,0,6509,1659,2934,1806,6509,374
10075,21897,11519,19,136,10,100,11519,193,6328,6328,2795,6328,378,6328,226,21354,3141,11519,5978,21897,5313
10103,0,0,0,0,0,0,0,0,0,0,0,0,0,0,0,0,0,0,0,0,0
10110,0,0,0,0,0,0,0,0,0,0,0,0,0,0,0,0,0,0,0,0,0
10111,0,0,0,0,0,0,0,0,0,0,0,0,0,0,0,0,0,0,0,0,0
10112,0,0,0,0,0,0,0,0,0,0,0,0,0,0,0,0,0,0,0,0,0
10115,0,0,0,0,0,0,0,0,0,0,0,0,0,0,0,0,0,0,0,0,0
10119,0,0,0,0,0,0,0,0,0,0,0,0,0,0,0,0,0,0,0,0,0
10128,57976,30601,291,74,92,295,30601,735,21089,21089,8799,21089,803,21089,592,57704,5150,30601,15083,57976,13272
10152,7,4,0,0,0,0,4,0,0,0,0,0,0,0,0,7,0,4,4,7,0
10153,0,0,0,0,0,0,0,0,0,0,0,0,0,0,0,0,0,0,0,0,0
10154,0,0,0,0,0,0,0,0,0,0,0,0,0,0,0,0,0,0,0,0,0
10162,1603,751,0,0,0,18,751,0,746,746,102,746,59,746,0,1603,59,751,294,1603,610
10165,0,0,0,0,0,0,0,0,0,0,0,0,0,0,0,0,0,0,0,0,0
10167,0,0,0,0,0,0,0,0,0,0,0,0,0,0,0,0,0,0,0,0,0
10168,0,0,0,0,0,0,0,0,0,0,0,0,0,0,0,0,0,0,0,0,0
10169,0,0,0,0,0,0,0,0,0,0,0,0,0,0,0,0,0,0,0,0,0
10170,0,0,0,0,0,0,0,0,0,0,0,0,0,0,0,0,0,0,0,0,0
10171,0,0,0,0,0,0,0,0,0,0,0,0,0,0,0,0,0,0,0,0,0
10172,0,0,0,0,0,0,0,0,0,0,0,0,0,0,0,0,0,0,0,0,0
10173,0,0,0,0,0,0,0,0,0,0,0,0,0,0,0,0,0,0,0,0,0
10174,0,0,0,0,0,0,0,0,0,0,0,0,0,0,0,0,0,0,0,0,0
10177,0,0,0,0,0,0,0,0,0,0,0,0,0,0,0,0,0,0,0,0,0
10199,0,0,0,0,0,0,0,0,0,0,0,0,0,0,0,0,0,0,0,0,0
10271,0,0,0,0,0,0,0,0,0,0,0,0,0,0,0,0,0,0,0,0,0
10278,0,0,0,0,0,0,0,0,0,0,0,0,0,0,0,0,0,0,0,0,0
10279,259,84,0,0,0,0,84,0,84,84,0,84,0,84,0,259,0,84,84,259,0
10280,8933,4237,0,70,1,0,4237,112,2780,2780,0,2780,26,2780,0,8933,333,4237,2930,8933,747
10282,5887,2353,0,26,45,0,2353,14,2104,2104,36,2104,165,2104,38,5887,340,2353,2041,5887,406
10301,41052,14584,406,122,95,307,14584,1213,7900,7900,2865,7900,882,7900,3328,39984,7486,14584,3635,41052,6465
10302,19030,6056,322,53,27,87,6056,416,2722,2722,1083,2722,316,2722,2094,19005,3247,6056,1432,19030,2313
10303,26497,8778,401,141,55,56,8778,583,3053,3053,867,3053,229,3053,2103,26439,4721,8778,2145,26497,3527
10304,45658,15738,748,581,83,528,15738,1916,7988,7988,2334,7988,1032,7988,3489,44344,8132,15738,3062,45658,7119
10305,41270,15774,392,708,131,836,15774,812,5537,5537,1172,5537,388,5537,3212,40819,4535,15774,3710,41270,8083
10306,57428,20073,85,809,18,886,20073,1027,6163,6163,1054,6163,399,6163,4164,56923,5351,20073,6024,57428,11127
10307,15512,5211,0,0,10,213,5211,264,822,822,89,822,84,822,789,15479,931,5211,2523,15512,2195
10308,30568,10510,64,226,0,298,10510,373,2128,2128,344,2128,101,2128,1895,30541,1863,10510,4051,30568,5066
10309,34885,12222,72,88,40,357,12222,420,2892,2892,298,2892,176,2892,2593,34692,2463,12222,4973,34885,6125
10310,25672,8921,378,31,9,241,8921,753,3615,3615,1280,3615,255,3615,2500,25633,3439,8921,3033,25672,3396
10311,0,0,0,0,0,0,0,0,0,0,0,0,0,0,0,0,0,0,0,0,0
10312,63469,21549,99,488,12,368,21549,1330,3779,3779,218,3779,246,3779,3680,63443,3897,21549,7413,63469,11257
10314,93915,31361,428,773,458,872,31361,2161,8490,8490,943,8490,790,8490,5958,92707,10221,31361,10696,93915,18582
10451,50942,22376,2999,82,38,351,22376,2523,19333,19333,5501,19333,2502,19333,1549,50851,16908,22376,2434,50942,7127
10452,75682,28719,5700,9,0,558,28719,3229,27776,27776,11792,27776,5345,27776,1570,74182,25686,28719,1552,75682,8349
10453,76282,28279,6252,0,13,552,28279,2069,26922,26922,10956,26922,4430,26922,2931,75995,28800,28279,1668,76282,8224
10454,39570,15135,3444,13,0,295,15135,2165,14112,14112,4172,14112,2248,14112,1359,39452,17831,15135,1105,39570,5221
10455,44801,16587,3205,0,12,79,16587,1837,15075,15075,4966,15075,2231,15075,2339,44664,16404,16587,1041,44801,5329
10456,87533,32645,5598,47,0,1067,32645,3852,30406,30406,10617,30406,3833,30406,3071,86298,33317,32645,1516,87533,10512
10457,79543,27686,6242,49,0,702,27686,3125,26242,26242,10452,26242,4228,26242,3338,77966,25548,27686,1734,79543,8158
10458,74898,29112,7557,1,145,602,29112,2279,27899,27899,18735,27899,4026,27899,2315,71235,22317,29112,1705,74898,8816
10459,48270,17982,3958,43,14,421,17982,2061,16123,16123,3799,16123,1884,16123,2451,47748,16100,17982,1291,48270,5920
10460,59396,22972,4740,50,0,291,22972,2223,20818,20818,7446,20818,2144,20818,3725,59056,20206,22972,1521,59396,8094
10461,52012,19420,1507,157,134,427,19420,1681,13645,13645,5721,13645,1344,13645,6516,50890,8154,19420,3585,52012,7712
10462,76320,29723,2748,126,81,1779,29723,2660,22738,22738,14873,22738,3251,22738,5154,75584,15300,29723,3782,76320,10238
10463,69470,29349,2661,32,251,628,29349,1648,18964,18964,8302,18964,2444,18964,1316,67327,12584,29349,6403,69470,14535
10464,3828,1949,0,0,0,21,1949,48,500,500,272,500,0,500,303,3828,199,1949,666,3828,1685
10465,45404,16372,858,103,18,427,16372,917,7102,7102,1528,7102,444,7102,4657,43569,6166,16372,4461,45404,7732
10466,71116,24930,1505,25,32,116,24930,2318,14987,14987,7551,14987,1843,14987,6360,69972,15477,24930,4651,71116,11216
10467,96421,38372,6416,20,106,1359,38372,3244,32910,32910,17727,32910,4790,32910,5336,94767,26187,38372,3736,96421,12872
10468,75557,28453,6901,20,266,402,28453,2214,26029,26029,16624,26029,4711,26029,1244,74459,20792,28453,2044,75557,9632
10469,68521,23582,981,60,102,698,23582,2028,11632,11632,4890,11632,909,11632,7023,66213,10993,23582,4782,68521,12651
10470,16004,6698,78,0,17,131,6698,404,3790,3790,2431,3790,110,3790,1432,15780,1738,6698,1640,16004,3044
10471,23798,9331,194,1,33,340,9331,378,3785,3785,1342,3785,242,3785,735,21080,1221,9331,3076,23798,6560
10472,64011,22224,4498,68,0,627,22224,3369,18578,18578,9972,18578,3068,18578,6198,63522,21701,22224,1962,64011,8335
10473,58855,22839,3418,0,29,129,22839,2499,16300,16300,3551,16300,1537,16300,4030,58197,13176,22839,2951,58855,11155
10474,11270,3899,795,0,0,83,3899,549,3501,3501,1536,3501,661,3501,735,10897,3196,3899,413,11270,1197
10475,42578,18821,681,0,15,623,18821,2008,10823,10823,1349,10823,736,10823,889,41688,6206,18821,1815,42578,10510
11001,25493,8638,10,138,20,182,8638,291,1245,1245,693,1245,51,1245,1103,25483,897,8638,4319,25493,5138
11003,45174,12036,487,16,232,541,12036,735,2525,2525,670,2525,202,2525,2041,45086,2848,12036,4913,45174,7556
11004,13615,5173,80,84,147,105,5173,199,1438,1438,524,1438,10,1438,1206,13046,1165,5173,1957,13615,4557
11005,2174,1533,0,0,13,0,1533,114,84,84,11,84,0,84,0,2174,166,1533,470,2174,1912
11040,41988,13916,67,323,265,292,13916,524,1535,1535,608,1535,153,1535,1160,41710,1529,13916,7305,41988,8942
11101,42219,21165,836,579,239,412,21165,1127,17939,17939,5127,17939,1452,17939,1299,41820,6356,21165,8618,42219,3359
11102,28503,13937,1013,103,85,457,13937,630,12063,12063,4940,12063,785,12063,2922,28166,3545,13937,4459,28503,3809
11103,35163,16701,488,51,53,1053,16701,763,13998,13998,8048,13998,788,13998,5023,35108,3703,16701,4660,35163,3934
11104,26132,12304,951,48,229,562,12304,655,9791,9791,6387,9791,1229,9791,1079,26114,2757,12304,2895,26132,3446
11105,37936,16200,522,10,68,909,16200,741,12076,12076,6773,12076,1052,12076,6088,37827,3484,16200,5278,37936,5020
11106,40930,19286,926,115,298,810,19286,1115,16088,16088,8320,16088,1596,16088,3556,40877,5749,19286,5033,40930,5792
11109,7948,4032,35,0,117,58,4032,0,3281,3281,77,3281,387,3281,79,7948,233,4032,2652,7948,363
11201,70674,34022,624,676,52,305,34022,970,21810,21810,8737,21810,1056,21810,2392,67095,6797,34022,18778,70674,9077
11203,74817,29238,266,92,0,622,29238,1738,17665,17665,10089,17665,1445,17665,7604,73123,12374,29238,4786,74817,16353
11204,79800,24896,990,3020,178,4903,24896,3142,16297,16297,12393,16297,4043,16297,8959,79474,17260,24896,4050,79800,11297
11205,51676,17962,467,266,84,363,17962,1779,12908,12908,6287,12908,2002,12908,2689,49391,12371,17962,6103,51676,5190
11206,93020,34813,3090,816,59,640,34813,4777,30955,30955,11174,30955,3880,30955,4948,92660,31888,34813,7162,93020,9607
11207,93198,35658,2726,101,71,473,35658,3724,26405,26405,10581,26405,2878,26405,11088,92272,22993,35658,5090,93198,14375
11208,105428,34395,4073,102,142,1165,34395,1670,25836,25836,12971,25836,5724,25836,14671,104744,19569,34395,4769,105428,13416
11209,71004,30410,697,535,223,1819,30410,1960,19413,19413,13128,19413,1957,19413,5029,70492,8652,30410,8622,71004,14257
11210,57915,20723,171,73,17,1056,20723,1259,11562,11562,5837,11562,1627,11562,3016,57471,6330,20723,4970,57915,10621
11211,65314,28139,2041,86,15,891,28139,3426,23292,23292,10142,23292,1423,23292,5146,65044,13222,28139,11284,65314,6731
11212,89020,33052,1717,40,87,1073,33052,3745,28705,28705,11226,28705,2446,28705,7944,88108,29571,33052,2619,89020,12768
11213,68846,27360,405,184,26,612,27360,2454,22771,22771,15788,22771,2063,22771,4559,67927,15339,27360,4662,68846,9916
11214,89397,30852,1278,3702,409,4971,30852,2228,20173,20173,12216,20173,3514,20173,9071,88666,16995,30852,6278,89397,17075
11215,70441,29788,372,208,50,154,29788,507,17187,17187,13163,17187,629,17187,6579,69829,3881,29788,17362,70441,8740
11216,60685,27134,295,19,98,133,27134,1485,21352,21352,13515,21352,1010,21352,8292,60380,9665,27134,8828,60685,7149
11217,43490,20307,490,104,23,60,20307,844,14671,14671,7462,14671,681,14671,3711,42946,4121,20307,10600,43490,5309
11218,72042,25661,675,293,99,2019,25661,2139,15656,15656,9118,15656,2322,15656,4914,71079,9994,25661,8104,72042,10224
11219,94196,24507,1911,2385,68,5746,24507,6844,18374,18374,12134,18374,5475,18374,8644,93328,30799,24507,3658,94196,11052
11220,90652,28420,5862,5597,131,1117,28420,2569,20836,20836,16051,20836,5190,20836,9480,90278,20674,28420,4847,90652,13218
11221,91588,36532,1701,300,87,321,36532,2713,28796,28796,14402,28796,2362,28796,11341,91217,20994,36532,9525,91588,9793
11222,42853,21316,239,92,30,958,21316,818,17452,17452,10165,17452,352,17452,5093,42700,4062,21316,9259,42853,3925
11223,78093,26478,956,1713,322,4825,26478,1775,16930,16930,9280,16930,3036,16930,7196,77704,16550,26478,4657,78093,13828
11224,50822,20478,698,400,26,6734,20478,2235,14886,14886,1971,14886,1800,14886,1926,49653,12650,20478,2553,50822,13857
11225,58158,25014,204,91,59,647,25014,1863,20085,20085,12993,20085,1852,20085,2431,58126,9173,25014,6080,58158,8757
11226,95144,38130,770,159,77,1407,38130,3901,32796,32796,21276,32796,3283,32796,4273,94523,15030,38130,8640,95144,13178
11228,42241,15007,346,1480,80,684,15007,866,6633,6633,4540,6633,1087,6633,5050,42019,5820,15007,4232,42241,9140
11229,78377,30523,658,1559,518,5405,30523,2838,16211,16211,7029,16211,4378,16211,4420,78100,13201,30523,6647,78377,17139
11230,86978,31947,1152,351,713,5755,31947,3280,22864,22864,14056,22864,4629,22864,4438,86456,17455,31947,5931,86978,15994
11231,38276,16783,624,168,2,69,16783,744,11665,11665,7944,11665,524,11665,4720,38211,5006,16783,7987,38276,4623
11232,27816,9309,1098,316,41,235,9309,512,6825,6825,4255,6825,1190,6825,2903,25895,4966,9309,2634,27816,2791
11233,81822,32948,819,83,208,124,32948,2773,25133,25133,13080,25133,1759,25133,9712,81385,19222,32948,5560,81822,11186
11234,83187,29799,238,466,68,1147,29799,1982,9438,9438,3770,9438,839,9438,6851,82950,7914,29799,9202,83187,18163
11235,78558,34870,1092,485,642,14156,34870,3585,22727,22727,7960,22727,7327,22727,6565,77399,13975,34870,6277,78558,20813
11236,88051,31033,220,165,13,941,31033,2200,15014,15014,4955,15014,923,15014,10798,87002,11510,31033,6430,88051,18185
11237,45334,18228,1788,80,88,219,18228,1192,16011,16011,9410,16011,1573,16011,3476,45320,9063,18228,4313,45334,4332
11238,58345,27919,553,219,71,283,27919,1189,20189,20189,10482,20189,777,20189,4304,57856,7032,27919,12911,58345,6665
11239,16410,8244,284,35,144,1169,8244,1479,7487,7487,220,7487,461,7487,467,16238,4099,8244,737,16410,4752
11351,0,0,0,0,0,0,0,0,0,0,0,0,0,0,0,0,0,0,0,0,0
11354,53028,21846,1085,5253,1736,568,21846,1396,12584,12584,3341,12584,1746,12584,3017,51409,10414,21846,3677,53028,13197
11355,80801,31078,1664,11831,947,814,31078,3068,20690,20690,5013,20690,3981,20690,5655,80338,17574,31078,4180,80801,18567
11356,25824,8171,592,864,276,361,8171,349,4101,4101,992,4101,592,4101,3699,25791,2875,8171,2180,25824,5092
11357,43346,15962,368,662,424,531,15962,1043,3577,3577,621,3577,246,3577,3246,42936,3417,15962,5103,43346,11046
11358,37665,13430,562,1335,804,419,13430,529,5594,5594,2054,5594,523,5594,4049,37603,4503,13430,3638,37665,7408
11359,0,0,0,0,0,0,0,0,0,0,0,0,0,0,0,0,0,0,0,0,0
11360,19469,8974,118,731,381,242,8974,484,2120,2120,141,2120,65,2120,1104,19378,1932,8974,2836,19469,6401
11361,30127,11234,204,788,715,292,11234,533,4614,4614,1240,4614,303,4614,3099,29497,3634,11234,3390,30127,6108
11362,18492,7223,148,323,104,160,7223,388,1800,1800,222,1800,8,1800,1404,18384,948,7223,2868,18492,4911
11363,7223,2865,119,72,15,11,2865,91,769,769,294,769,43,769,337,7223,580,2865,1256,7223,2012
11364,35276,13581,204,1402,477,364,13581,806,3993,3993,1136,3993,256,3993,3008,35272,2710,13581,4235,35276,8140
11365,42322,16384,447,1919,394,296,16384,788,8779,8779,2434,8779,598,8779,2737,42320,4390,16384,3649,42322,8167
11366,13463,4700,184,315,26,137,4700,209,1294,1294,315,1294,90,1294,1068,13305,1058,4700,1782,13463,3118
11367,40923,14458,401,1311,166,777,14458,732,7161,7161,1373,7161,974,7161,2708,39665,5301,14458,3322,40923,7817
11368,105716,30079,7994,1265,238,1000,30079,2749,23144,23144,6282,23144,5972,23144,12505,104078,20134,30079,4594,105716,12690
11369,35133,11066,1436,273,24,324,11066,328,5442,5442,2164,5442,677,5442,4616,34385,5370,11066,1953,35133,5572
11370,30267,9436,1073,342,42,749,9436,615,5050,5050,1656,5050,668,5050,4327,27168,2915,9436,1770,30267,3914
11371,0,0,0,0,0,0,0,0,0,0,0,0,0,0,0,0,0,0,0,0,0
11372,64756,25399,4362,349,324,1386,25399,1617,16088,16088,9609,16088,4111,16088,2588,64445,9384,25399,5929,64756,11683
11373,98403,32577,5565,2440,1506,1024,32577,2260,23884,23884,9503,23884,6275,23884,9163,97524,14432,32577,4881,98403,13842
11374,46989,19625,854,1404,431,1776,19625,1077,11417,11417,4138,11417,1594,11417,1931,46857,6088,19625,5091,46989,10508
11375,76839,34061,699,1457,690,1437,34061,1200,16855,16855,7226,16855,1246,16855,3228,76355,6645,34061,11429,76839,15805
11377,81690,33612,4961,957,1264,1691,33612,3214,23705,23705,11331,23705,3105,23705,8637,81192,9016,33612,6294,81690,14196
11378,36392,12890,731,458,20,947,12890,547,5753,5753,2878,5753,442,5753,5044,36086,4577,12890,3491,36392,5835
11379,36773,14090,347,277,54,972,14090,997,5626,5626,2034,5626,469,5626,4396,36319,2928,14090,4221,36773,8882
11385,101704,37778,3022,355,68,2582,37778,2161,26193,26193,17124,26193,2267,26193,15303,101273,12137,37778,9081,101704,13385
11411,20540,6632,165,24,0,23,6632,299,1016,1016,547,1016,48,1016,944,20334,1493,6632,2295,20540,4846
11412,39828,12127,201,0,7,287,12127,767,3422,3422,1969,3422,313,3422,2966,39628,4126,12127,3212,39828,6693
11413,45965,14014,97,9,0,300,14014,931,3693,3693,950,3693,200,3693,3431,45673,2776,14014,4889,45965,7092
11414,31308,11346,346,0,19,328,11346,953,3056,3056,596,3056,240,3056,2496,31308,2165,11346,3488,31308,7530
11415,21154,9085,460,80,65,356,9085,424,5043,5043,2606,5043,418,5043,722,21061,2104,9085,2195,21154,3648
11416,25919,7535,742,56,14,365,7535,476,3864,3864,2058,3864,551,3864,3582,25679,4676,7535,1733,25919,3663
11417,30578,9505,452,95,185,429,9505,813,3968,3968,1595,3968,426,3968,3301,30277,3718,9505,2483,30578,4773
11418,35481,11643,900,60,9,415,11643,594,6031,6031,3796,6031,835,6031,3202,34803,3475,11643,2747,35481,5995
11419,47441,13300,505,222,28,468,13300,907,5084,5084,3022,5084,904,5084,4463,46994,5466,13300,3431,47441,8898
11420,49415,14001,381,88,0,269,14001,670,3909,3909,1916,3909,843,3909,3505,49301,5487,14001,3975,49415,7977
11421,40612,12112,1095,528,8,272,12112,581,5474,5474,3801,5474,668,5474,3913,40534,4248,12112,3391,40612,5965
11422,33757,10325,28,23,15,187,10325,464,3330,3330,922,3330,203,3330,3262,33643,3204,10325,3894,33757,6027
11423,28534,9623,711,127,72,330,9623,974,4262,4262,1599,4262,740,4262,2682,27873,3332,9623,2198,28534,5517
11424,0,0,0,0,0,0,0,0,0,0,0,0,0,0,0,0,0,0,0,0,0
11425,0,0,0,0,0,0,0,0,0,0,0,0,0,0,0,0,0,0,0,0,0
11426,19411,6397,193,82,76,170,6397,505,1905,1905,663,1905,225,1905,1640,19383,1456,6397,2090,19411,4758
11427,24607,8321,315,49,92,281,8321,557,3076,3076,1220,3076,241,3076,1471,24121,2614,8321,2160,24607,5613
11428,19028,5946,401,21,39,134,5946,589,1580,1580,1016,1580,203,1580,1051,18861,1819,5946,1570,19028,4242
11429,26832,8136,456,39,20,349,8136,708,2220,2220,1577,2220,219,2220,1818,26746,2516,8136,2601,26832,5731
11430,588,0,0,0,0,0,0,0,0,0,0,0,0,0,0,388,344,0,0,588,0
11432,62892,20793,1528,313,246,2475,20793,1429,13346,13346,3771,13346,3119,13346,3443,61325,9402,20793,4007,62892,11105
11433,37884,11214,633,46,35,764,11214,700,5898,5898,1752,5898,492,5898,3760,37718,4851,11214,2331,37884,5155
11434,68263,22851,273,89,37,575,22851,1120,11999,11999,2673,11999,791,11999,4941,67244,9159,22851,5022,68263,10762
11435,56826,20083,1847,368,291,2116,20083,957,12853,12853,5128,12853,1939,12853,4530,56325,8845,20083,3640,56826,8800
11436,22527,6568,170,7,0,133,6568,637,2294,2294,758,2294,206,2294,2244,22357,2791,6568,1682,22527,3174
11451,0,0,0,0,0,0,0,0,0,0,0,0,0,0,0,0,0,0,0,0,0
11691,69359,23039,1970,68,22,1172,23039,2121,16665,16665,3398,16665,2308,16665,4969,66888,14650,23039,3504,69359,12139
11692,22734,8070,510,2,0,172,8070,458,5400,5400,887,5400,546,5400,1834,22111,6247,8070,1357,22734,2966
11693,13244,5559,151,12,2,286,5559,301,2847,2847,731,2847,153,2847,886,13167,2369,5559,1165,13244,2802
11694,21489,8165,142,44,69,199,8165,169,3963,3963,851,3963,283,3963,1361,20883,2280,8165,2880,21489,4683
11697,4429,1870,0,0,0,0,1870,83,15,15,10,15,0,15,15,4429,294,1870,803,4429,1173
