incident_zip,borough,channel,complaints
10000,MANHATTAN,ONLINE,8
10001,MANHATTAN,MOBILE,117
10001,MANHATTAN,ONLINE,1588
10001,MANHATTAN,PHONE,1661
10002,MANHATTAN,MOBILE,745
10002,MANHATTAN,ONLINE,6077
10002,MANHATTAN,PHONE,3585
10003,MANHATTAN,MOBILE,421
10003,MANHATTAN,ONLINE,5063
10003,MANHATTAN,PHONE,3524
10004,MANHATTAN,MOBILE,11
10004,MANHATTAN,ONLINE,60
10004,MANHATTAN,PHONE,68
10005,MANHATTAN,MOBILE,4
10005,MANHATTAN,ONLINE,307
10005,MANHATTAN,PHONE,147
10006,MANHATTAN,MOBILE,7
10006,MANHATTAN,ONLINE,136
10006,MANHATTAN,PHONE,159
10007,MANHATTAN,ONLINE,104
10007,MANHATTAN,PHONE,93
10009,MANHATTAN,MOBILE,475
10009,MANHATTAN,ONLINE,6244
10009,MANHATTAN,PHONE,4312
10010,MANHATTAN,MOBILE,75
10010,MANHATTAN,ONLINE,1700
10010,MANHATTAN,PHONE,1517
10011,MANHATTAN,MOBILE,336
10011,MANHATTAN,ONLINE,3127
10011,MANHATTAN,PHONE,3003
10012,MANHATTAN,MOBILE,113
10012,MANHATTAN,ONLINE,2136
10012,MANHATTAN,PHONE,1545
10013,MANHATTAN,MOBILE,85
10013,MANHATTAN,ONLINE,1680
10013,MANHATTAN,PHONE,1281
10014,MANHATTAN,MOBILE,399
10014,MANHATTAN,ONLINE,2534
10014,MANHATTAN,PHONE,1935
10016,MANHATTAN,MOBILE,232
10016,MANHATTAN,ONLINE,3310
10016,MANHATTAN,PHONE,2102
10017,MANHATTAN,MOBILE,154
10017,MANHATTAN,ONLINE,939
10017,MANHATTAN,PHONE,803
10018,MANHATTAN,MOBILE,106
10018,MANHATTAN,ONLINE,857
10018,MANHATTAN,PHONE,757
10019,MANHATTAN,MOBILE,398
10019,MANHATTAN,ONLINE,4371
10019,MANHATTAN,PHONE,4380
10021,MANHATTAN,MOBILE,229
10021,MANHATTAN,ONLINE,2036
10021,MANHATTAN,PHONE,1882
10022,MANHATTAN,MOBILE,157
10022,MANHATTAN,ONLINE,1622
10022,MANHATTAN,PHONE,1207
10023,MANHATTAN,MOBILE,186
10023,MANHATTAN,ONLINE,3163
10023,MANHATTAN,PHONE,2348
10024,MANHATTAN,MOBILE,255
10024,MANHATTAN,ONLINE,5398
10024,MANHATTAN,PHONE,3387
10025,MANHATTAN,MOBILE,948
10025,MANHATTAN,ONLINE,11251
10025,MANHATTAN,PHONE,10391
10026,MANHATTAN,MOBILE,977
10026,MANHATTAN,ONLINE,11422
10026,MANHATTAN,PHONE,10643
10027,MANHATTAN,MOBILE,1861
10027,MANHATTAN,ONLINE,11587
10027,MANHATTAN,PHONE,12826
10028,MANHATTAN,MOBILE,269
10028,MANHATTAN,ONLINE,2639
10028,MANHATTAN,PHONE,2206
10029,MANHATTAN,MOBILE,1256
10029,MANHATTAN,ONLINE,8641
10029,MANHATTAN,PHONE,9429
10030,MANHATTAN,MOBILE,1505
10030,MANHATTAN,ONLINE,9547
10030,MANHATTAN,PHONE,10934
10031,MANHATTAN,MOBILE,2961
10031,MANHATTAN,ONLINE,16754
10031,MANHATTAN,PHONE,18663
10032,MANHATTAN,MOBILE,5104
10032,MANHATTAN,ONLINE,16261
10032,MANHATTAN,PHONE,17866
10033,MANHATTAN,MOBILE,2641
10033,MANHATTAN,ONLINE,13216
10033,MANHATTAN,PHONE,12250
10034,MANHATTAN,MOBILE,4538
10034,MANHATTAN,ONLINE,11836
10034,MANHATTAN,PHONE,10253
10035,MANHATTAN,MOBILE,857
10035,MANHATTAN,ONLINE,6333
10035,MANHATTAN,PHONE,7870
10036,MANHATTAN,MOBILE,243
10036,MANHATTAN,ONLINE,3722
10036,MANHATTAN,PHONE,3082
10037,MANHATTAN,MOBILE,688
10037,MANHATTAN,ONLINE,5172
10037,MANHATTAN,PHONE,5716
10038,MANHATTAN,MOBILE,69
10038,MANHATTAN,ONLINE,1214
10038,MANHATTAN,PHONE,388
10039,MANHATTAN,MOBILE,1224
10039,MANHATTAN,ONLINE,7849
10039,MANHATTAN,PHONE,10937
10040,MANHATTAN,MOBILE,1923
10040,MANHATTAN,ONLINE,10050
10040,MANHATTAN,PHONE,11638
10041,MANHATTAN,PHONE,4
10044,MANHATTAN,MOBILE,30
10044,MANHATTAN,ONLINE,651
10044,MANHATTAN,PHONE,303
10045,MANHATTAN,ONLINE,1
10065,MANHATTAN,MOBILE,50
10065,MANHATTAN,ONLINE,1581
10065,MANHATTAN,PHONE,1544
10069,MANHATTAN,MOBILE,8
10069,MANHATTAN,ONLINE,115
10069,MANHATTAN,PHONE,52
10075,MANHATTAN,MOBILE,34
10075,MANHATTAN,ONLINE,1350
10075,MANHATTAN,PHONE,1356
10103,MANHATTAN,MOBILE,2
10103,MANHATTAN,ONLINE,4
10110,MANHATTAN,MOBILE,1
10112,MANHATTAN,PHONE,1
10115,MANHATTAN,ONLINE,3
10115,MANHATTAN,PHONE,1
10118,MANHATTAN,PHONE,1
10119,MANHATTAN,ONLINE,1
10121,MANHATTAN,ONLINE,2
10121,MANHATTAN,PHONE,1
10128,MANHATTAN,MOBILE,268
10128,MANHATTAN,ONLINE,3484
10128,MANHATTAN,PHONE,2685
10155,MANHATTAN,PHONE,1
10158,MANHATTAN,ONLINE,2
10162,MANHATTAN,MOBILE,1
10162,MANHATTAN,ONLINE,5
10162,MANHATTAN,PHONE,1
10167,MANHATTAN,ONLINE,1
10169,MANHATTAN,ONLINE,1
10170,MANHATTAN,MOBILE,1
10173,MANHATTAN,PHONE,1
10176,MANHATTAN,ONLINE,1
10178,MANHATTAN,PHONE,3
10271,MANHATTAN,ONLINE,1
10280,MANHATTAN,MOBILE,2
10280,MANHATTAN,ONLINE,64
10280,MANHATTAN,PHONE,56
10282,MANHATTAN,MOBILE,3
10282,MANHATTAN,ONLINE,59
10282,MANHATTAN,PHONE,31
10301,STATEN ISLAND,MOBILE,80
10301,STATEN ISLAND,ONLINE,3211
10301,STATEN ISLAND,PHONE,5010
10302,STATEN ISLAND,MOBILE,38
10302,STATEN ISLAND,ONLINE,1219
10302,STATEN ISLAND,PHONE,2203
10303,STATEN ISLAND,MOBILE,25
10303,STATEN ISLAND,ONLINE,1367
10303,STATEN ISLAND,PHONE,2227
10304,STATEN ISLAND,MOBILE,67
10304,STATEN ISLAND,ONLINE,3514
10304,STATEN ISLAND,PHONE,5723
10305,STATEN ISLAND,MOBILE,37
10305,STATEN ISLAND,ONLINE,972
10305,STATEN ISLAND,PHONE,1065
10306,STATEN ISLAND,MOBILE,94
10306,STATEN ISLAND,ONLINE,1499
10306,STATEN ISLAND,PHONE,1427
10307,STATEN ISLAND,MOBILE,8
10307,STATEN ISLAND,ONLINE,113
10307,STATEN ISLAND,PHONE,144
10308,STATEN ISLAND,MOBILE,6
10308,STATEN ISLAND,ONLINE,220
10308,STATEN ISLAND,PHONE,341
10309,STATEN ISLAND,MOBILE,3
10309,STATEN ISLAND,ONLINE,536
10309,STATEN ISLAND,PHONE,608
10310,STATEN ISLAND,MOBILE,28
10310,STATEN ISLAND,ONLINE,793
10310,STATEN ISLAND,PHONE,1447
10312,STATEN ISLAND,MOBILE,43
10312,STATEN ISLAND,ONLINE,661
10312,STATEN ISLAND,PHONE,520
10314,STATEN ISLAND,MOBILE,16
10314,STATEN ISLAND,ONLINE,1394
10314,STATEN ISLAND,PHONE,1684
10451,BRONX,MOBILE,2197
10451,BRONX,ONLINE,10924
10451,BRONX,PHONE,14076
10452,BRONX,MOBILE,4278
10452,BRONX,ONLINE,25065
10452,BRONX,PHONE,34210
10453,BRONX,MOBILE,3002
10453,BRONX,ONLINE,20769
10453,BRONX,PHONE,29185
10454,BRONX,MOBILE,667
10454,BRONX,ONLINE,6680
10454,BRONX,PHONE,8588
10455,BRONX,MOBILE,1221
10455,BRONX,ONLINE,8553
10455,BRONX,PHONE,11649
10456,BRONX,MOBILE,2862
10456,BRONX,ONLINE,21229
10456,BRONX,PHONE,30885
10457,BRONX,MOBILE,4099
10457,BRONX,ONLINE,27636
10457,BRONX,PHONE,31426
10458,BRONX,MOBILE,5573
10458,BRONX,ONLINE,25649
10458,BRONX,PHONE,31895
10459,BRONX,MOBILE,1628
10459,BRONX,ONLINE,13089
10459,BRONX,PHONE,16919
10460,BRONX,MOBILE,1884
10460,BRONX,ONLINE,13382
10460,BRONX,PHONE,20410
10461,BRONX,MOBILE,793
10461,BRONX,ONLINE,7518
10461,BRONX,PHONE,6484
10462,BRONX,MOBILE,4774
10462,BRONX,ONLINE,16423
10462,BRONX,PHONE,16332
10463,BRONX,MOBILE,2156
10463,BRONX,ONLINE,10568
10463,BRONX,PHONE,9670
10463,MANHATTAN,MOBILE,224
10463,MANHATTAN,ONLINE,1938
10463,MANHATTAN,PHONE,1551
10464,BRONX,MOBILE,2
10464,BRONX,ONLINE,202
10464,BRONX,PHONE,253
10465,BRONX,MOBILE,117
10465,BRONX,ONLINE,1364
10465,BRONX,PHONE,1617
10466,BRONX,MOBILE,753
10466,BRONX,ONLINE,11333
10466,BRONX,PHONE,13122
10467,BRONX,MOBILE,4129
10467,BRONX,ONLINE,26918
10467,BRONX,PHONE,33052
10468,BRONX,MOBILE,4645
10468,BRONX,ONLINE,25650
10468,BRONX,PHONE,25630
10469,BRONX,MOBILE,3557
10469,BRONX,ONLINE,5683
10469,BRONX,PHONE,7091
10470,BRONX,MOBILE,1868
10470,BRONX,ONLINE,2795
10470,BRONX,PHONE,3273
10471,BRONX,MOBILE,328
10471,BRONX,ONLINE,1917
10471,BRONX,PHONE,2051
10472,BRONX,MOBILE,1292
10472,BRONX,ONLINE,11633
10472,BRONX,PHONE,14466
10473,BRONX,MOBILE,438
10473,BRONX,ONLINE,4764
10473,BRONX,PHONE,6453
10474,BRONX,MOBILE,420
10474,BRONX,ONLINE,3690
10474,BRONX,PHONE,5270
10475,BRONX,MOBILE,56
10475,BRONX,ONLINE,851
10475,BRONX,PHONE,1499
11001,QUEENS,MOBILE,7
11001,QUEENS,ONLINE,41
11001,QUEENS,PHONE,26
11004,QUEENS,MOBILE,3
11004,QUEENS,ONLINE,37
11004,QUEENS,PHONE,59
11005,QUEENS,ONLINE,1
11005,QUEENS,PHONE,7
11040,QUEENS,ONLINE,11
11040,QUEENS,PHONE,13
11101,QUEENS,MOBILE,417
11101,QUEENS,ONLINE,2038
11101,QUEENS,PHONE,1820
11102,QUEENS,MOBILE,449
11102,QUEENS,ONLINE,2743
11102,QUEENS,PHONE,2292
11103,QUEENS,MOBILE,325
11103,QUEENS,ONLINE,2887
11103,QUEENS,PHONE,2325
11104,QUEENS,MOBILE,988
11104,QUEENS,ONLINE,3479
11104,QUEENS,PHONE,3273
11105,QUEENS,MOBILE,418
11105,QUEENS,ONLINE,2242
11105,QUEENS,PHONE,2023
11106,QUEENS,MOBILE,5690
11106,QUEENS,ONLINE,4911
11106,QUEENS,PHONE,2699
11109,QUEENS,MOBILE,10
11109,QUEENS,ONLINE,27
11109,QUEENS,PHONE,36
11201,BROOKLYN,MOBILE,126
11201,BROOKLYN,ONLINE,2484
11201,BROOKLYN,PHONE,1885
11203,BROOKLYN,MOBILE,564
11203,BROOKLYN,ONLINE,9431
11203,BROOKLYN,PHONE,14113
11204,BROOKLYN,MOBILE,325
11204,BROOKLYN,ONLINE,3589
11204,BROOKLYN,PHONE,4204
11205,BROOKLYN,MOBILE,168
11205,BROOKLYN,ONLINE,2821
11205,BROOKLYN,PHONE,2535
11206,BROOKLYN,MOBILE,815
11206,BROOKLYN,ONLINE,7516
11206,BROOKLYN,PHONE,6418
11207,BROOKLYN,MOBILE,580
11207,BROOKLYN,ONLINE,12681
11207,BROOKLYN,PHONE,20003
11208,BROOKLYN,MOBILE,1218
11208,BROOKLYN,ONLINE,9995
11208,BROOKLYN,PHONE,16059
11209,BROOKLYN,MOBILE,1933
11209,BROOKLYN,ONLINE,6485
11209,BROOKLYN,PHONE,4945
11210,BROOKLYN,MOBILE,584
11210,BROOKLYN,ONLINE,6870
11210,BROOKLYN,PHONE,11171
11211,BROOKLYN,MOBILE,723
11211,BROOKLYN,ONLINE,6426
11211,BROOKLYN,PHONE,5204
11212,BROOKLYN,MOBILE,624
11212,BROOKLYN,ONLINE,11478
11212,BROOKLYN,PHONE,20163
11213,BROOKLYN,MOBILE,2180
11213,BROOKLYN,ONLINE,14072
11213,BROOKLYN,PHONE,18584
11214,BROOKLYN,MOBILE,727
11214,BROOKLYN,ONLINE,5354
11214,BROOKLYN,PHONE,5073
11215,BROOKLYN,MOBILE,779
11215,BROOKLYN,ONLINE,4247
11215,BROOKLYN,PHONE,3539
11216,BROOKLYN,MOBILE,791
11216,BROOKLYN,ONLINE,12176
11216,BROOKLYN,PHONE,11562
11217,BROOKLYN,MOBILE,313
11217,BROOKLYN,ONLINE,2750
11217,BROOKLYN,PHONE,2241
11218,BROOKLYN,MOBILE,1416
11218,BROOKLYN,ONLINE,6416
11218,BROOKLYN,PHONE,6155
11219,BROOKLYN,MOBILE,470
11219,BROOKLYN,ONLINE,3767
11219,BROOKLYN,PHONE,5078
11220,BROOKLYN,MOBILE,1418
11220,BROOKLYN,ONLINE,6096
11220,BROOKLYN,PHONE,5897
11221,BROOKLYN,MOBILE,916
11221,BROOKLYN,ONLINE,11535
11221,BROOKLYN,PHONE,12893
11222,BROOKLYN,MOBILE,426
11222,BROOKLYN,ONLINE,3964
11222,BROOKLYN,PHONE,2222
11223,BROOKLYN,MOBILE,300
11223,BROOKLYN,ONLINE,4100
11223,BROOKLYN,PHONE,4159
11224,BROOKLYN,MOBILE,157
11224,BROOKLYN,ONLINE,2316
11224,BROOKLYN,PHONE,4482
11225,BROOKLYN,MOBILE,2498
11225,BROOKLYN,ONLINE,15470
11225,BROOKLYN,PHONE,16437
11226,BROOKLYN,MOBILE,3991
11226,BROOKLYN,ONLINE,28469
11226,BROOKLYN,PHONE,34785
11228,BROOKLYN,MOBILE,154
11228,BROOKLYN,ONLINE,993
11228,BROOKLYN,PHONE,1058
11229,BROOKLYN,MOBILE,815
11229,BROOKLYN,ONLINE,3768
11229,BROOKLYN,PHONE,4167
11230,BROOKLYN,MOBILE,1143
11230,BROOKLYN,ONLINE,10266
11230,BROOKLYN,PHONE,10312
11231,BROOKLYN,MOBILE,255
11231,BROOKLYN,ONLINE,2218
11231,BROOKLYN,PHONE,1680
11232,BROOKLYN,MOBILE,286
11232,BROOKLYN,ONLINE,2667
11232,BROOKLYN,PHONE,1705
11233,BROOKLYN,MOBILE,482
11233,BROOKLYN,ONLINE,10182
11233,BROOKLYN,PHONE,15221
11234,BROOKLYN,MOBILE,114
11234,BROOKLYN,ONLINE,2338
11234,BROOKLYN,PHONE,3202
11235,BROOKLYN,MOBILE,441
11235,BROOKLYN,ONLINE,5252
11235,BROOKLYN,PHONE,5688
11236,BROOKLYN,MOBILE,2725
11236,BROOKLYN,ONLINE,3670
11236,BROOKLYN,PHONE,6564
11237,BROOKLYN,MOBILE,420
11237,BROOKLYN,ONLINE,6918
11237,BROOKLYN,PHONE,7062
11238,BROOKLYN,MOBILE,526
11238,BROOKLYN,ONLINE,8530
11238,BROOKLYN,PHONE,8024
11239,BROOKLYN,MOBILE,182
11239,BROOKLYN,ONLINE,1369
11239,BROOKLYN,PHONE,2149
11241,BROOKLYN,ONLINE,1
11241,BROOKLYN,PHONE,3
11249,BROOKLYN,MOBILE,96
11249,BROOKLYN,ONLINE,1641
11249,BROOKLYN,PHONE,1678
11354,QUEENS,MOBILE,247
11354,QUEENS,ONLINE,2324
11354,QUEENS,PHONE,2631
11355,QUEENS,MOBILE,546
11355,QUEENS,ONLINE,4955
11355,QUEENS,PHONE,4686
11356,QUEENS,MOBILE,72
11356,QUEENS,ONLINE,713
11356,QUEENS,PHONE,826
11357,QUEENS,MOBILE,16
11357,QUEENS,ONLINE,243
11357,QUEENS,PHONE,396
11358,QUEENS,MOBILE,181
11358,QUEENS,ONLINE,1002
11358,QUEENS,PHONE,1096
11360,QUEENS,MOBILE,22
11360,QUEENS,ONLINE,194
11360,QUEENS,PHONE,208
11361,QUEENS,MOBILE,79
11361,QUEENS,ONLINE,713
11361,QUEENS,PHONE,574
11362,QUEENS,MOBILE,6
11362,QUEENS,ONLINE,76
11362,QUEENS,PHONE,72
11363,QUEENS,MOBILE,11
11363,QUEENS,ONLINE,162
11363,QUEENS,PHONE,144
11364,QUEENS,MOBILE,35
11364,QUEENS,ONLINE,818
11364,QUEENS,PHONE,848
11365,QUEENS,MOBILE,102
11365,QUEENS,ONLINE,762
11365,QUEENS,PHONE,876
11366,QUEENS,MOBILE,9
11366,QUEENS,ONLINE,319
11366,QUEENS,PHONE,275
11367,QUEENS,MOBILE,278
11367,QUEENS,ONLINE,2942
11367,QUEENS,PHONE,3009
11368,QUEENS,MOBILE,336
11368,QUEENS,ONLINE,5160
11368,QUEENS,PHONE,6285
11369,QUEENS,MOBILE,89
11369,QUEENS,ONLINE,1124
11369,QUEENS,PHONE,1794
11370,BRONX,ONLINE,1
11370,QUEENS,MOBILE,91
11370,QUEENS,ONLINE,554
11370,QUEENS,PHONE,700
11372,QUEENS,MOBILE,1000
11372,QUEENS,ONLINE,6206
11372,QUEENS,PHONE,6304
11373,QUEENS,MOBILE,500
11373,QUEENS,ONLINE,6364
11373,QUEENS,PHONE,6010
11374,QUEENS,MOBILE,284
11374,QUEENS,ONLINE,3932
11374,QUEENS,PHONE,3201
11375,QUEENS,MOBILE,924
11375,QUEENS,ONLINE,3904
11375,QUEENS,PHONE,3766
11377,QUEENS,MOBILE,601
11377,QUEENS,ONLINE,5049
11377,QUEENS,PHONE,4396
11378,QUEENS,MOBILE,62
11378,QUEENS,ONLINE,1003
11378,QUEENS,PHONE,1106
11379,QUEENS,MOBILE,76
11379,QUEENS,ONLINE,1350
11379,QUEENS,PHONE,922
11385,QUEENS,MOBILE,494
11385,QUEENS,ONLINE,5810
11385,QUEENS,PHONE,6349
11411,QUEENS,MOBILE,9
11411,QUEENS,ONLINE,290
11411,QUEENS,PHONE,724
11412,QUEENS,MOBILE,55
11412,QUEENS,ONLINE,1585
11412,QUEENS,PHONE,2602
11413,QUEENS,MOBILE,44
11413,QUEENS,ONLINE,1018
11413,QUEENS,PHONE,1821
11414,QUEENS,MOBILE,50
11414,QUEENS,ONLINE,446
11414,QUEENS,PHONE,614
11415,QUEENS,MOBILE,199
11415,QUEENS,ONLINE,1875
11415,QUEENS,PHONE,2089
11416,QUEENS,MOBILE,44
11416,QUEENS,ONLINE,874
11416,QUEENS,PHONE,1399
11417,QUEENS,MOBILE,55
11417,QUEENS,ONLINE,989
11417,QUEENS,PHONE,1357
11418,QUEENS,MOBILE,198
11418,QUEENS,ONLINE,1934
11418,QUEENS,PHONE,2993
11419,QUEENS,MOBILE,314
11419,QUEENS,ONLINE,1926
11419,QUEENS,PHONE,2425
11420,QUEENS,MOBILE,99
11420,QUEENS,ONLINE,2153
11420,QUEENS,PHONE,2449
11421,QUEENS,MOBILE,316
11421,QUEENS,ONLINE,1486
11421,QUEENS,PHONE,1939
11422,QUEENS,MOBILE,73
11422,QUEENS,ONLINE,853
11422,QUEENS,PHONE,1204
11423,QUEENS,MOBILE,26
11423,QUEENS,ONLINE,1459
11423,QUEENS,PHONE,2048
11426,QUEENS,MOBILE,6
11426,QUEENS,ONLINE,213
11426,QUEENS,PHONE,196
11427,QUEENS,MOBILE,45
11427,QUEENS,ONLINE,1070
11427,QUEENS,PHONE,1597
11428,QUEENS,MOBILE,44
11428,QUEENS,ONLINE,853
11428,QUEENS,PHONE,864
11429,QUEENS,MOBILE,12
11429,QUEENS,ONLINE,559
11429,QUEENS,PHONE,1053
11430,QUEENS,ONLINE,2
11430,QUEENS,PHONE,1
11432,QUEENS,MOBILE,413
11432,QUEENS,ONLINE,5515
11432,QUEENS,PHONE,5471
11433,QUEENS,MOBILE,49
11433,QUEENS,ONLINE,1761
11433,QUEENS,PHONE,2918
11434,QUEENS,MOBILE,66
11434,QUEENS,ONLINE,2374
11434,QUEENS,PHONE,4001
11435,QUEENS,MOBILE,455
11435,QUEENS,ONLINE,4905
11435,QUEENS,PHONE,4423
11436,QUEENS,MOBILE,16
11436,QUEENS,ONLINE,626
11436,QUEENS,PHONE,1120
11691,QUEENS,MOBILE,188
11691,QUEENS,ONLINE,6051
11691,QUEENS,PHONE,9292
11692,QUEENS,MOBILE,39
11692,QUEENS,ONLINE,2058
11692,QUEENS,PHONE,3399
11693,QUEENS,MOBILE,62
11693,QUEENS,ONLINE,538
11693,QUEENS,PHONE,529
11694,QUEENS,MOBILE,195
11694,QUEENS,ONLINE,1317
11694,QUEENS,PHONE,1634
11697,QUEENS,ONLINE,6
11697,QUEENS,PHONE,1
12345,MANHATTAN,ONLINE,4
12345,MANHATTAN,PHONE,8
,BRONX,ONLINE,1
,BRONX,PHONE,9
,BROOKLYN,ONLINE,38
,BROOKLYN,PHONE,35
,MANHATTAN,MOBILE,3
,MANHATTAN,ONLINE,18
,MANHATTAN,PHONE,16
,QUEENS,ONLINE,42
,QUEENS,PHONE,46
,Unspecified,ONLINE,11
,Unspecified,PHONE,27
