modzcta,zcta,neighborhood
10001,10001,Chelsea/NoMad/West Chelsea
10001,10119,Chelsea/NoMad/West Chelsea
10001,10199,Chelsea/NoMad/West Chelsea
10002,10002,Chinatown/Lower East Side
10003,10003,East Village/Gramercy/Greenwich Village
10026,10026,Central Harlem (South)
10004,10004,Financial District
10005,10005,Financial District
10005,10271,Financial District
10006,10006,Financial District
10007,10007,TriBeCa
10007,10278,TriBeCa
10007,10279,TriBeCa
10009,10009,Alphabet City/East Village/Stuyvesant Town-Cooper Village
10010,10010,Flatiron/Gramercy/Kips Bay
10011,10011,Chelsea
10012,10012,Greenwich Village/SoHo
10013,10013,Hudson Square/Little Italy/SoHo/TriBeCa
10014,10014,Hudson Square/Meatpacking District/West Village
10016,10016,Kips Bay/Murray Hill/NoMad
10017,10017,East Midtown/Murray Hill
10017,10165,East Midtown/Murray Hill
10017,10167,East Midtown/Murray Hill
10017,10168,East Midtown/Murray Hill
10017,10169,East Midtown/Murray Hill
10017,10170,East Midtown/Murray Hill
10017,10171,East Midtown/Murray Hill
10017,10172,East Midtown/Murray Hill
10017,10173,East Midtown/Murray Hill
10017,10174,East Midtown/Murray Hill
10017,10177,East Midtown/Murray Hill
10018,10018,Hell's Kitchen/Midtown Manhattan
10030,10030,Central Harlem (North)
10019,10019,Hell's Kitchen/Midtown Manhattan
10019,10020,Hell's Kitchen/Midtown Manhattan
10019,10103,Hell's Kitchen/Midtown Manhattan
10019,10111,Hell's Kitchen/Midtown Manhattan
10019,10112,Hell's Kitchen/Midtown Manhattan
10021,10021,Lenox Hill/Upper East Side
10022,10022,East Midtown
10022,10152,East Midtown
10022,10153,East Midtown
10022,10154,East Midtown
10023,10023,Lincoln Square
10024,10024,Upper West Side
10025,10025,Manhattan Valley/Morningside Heights/Upper West Side
10027,10027,Central Harlem (South)/Morningside Heights/West Harlem
10027,10115,Central Harlem (South)/Morningside Heights/West Harlem
10028,10028,Upper East Side/Yorkville
10029,10029,East Harlem
10031,10031,Hamilton Heights/West Harlem
10032,10032,Washington Heights (South)
10033,10033,Washington Heights (North)/Washington Heights (South)
10034,10034,Inwood/Washington Heights (North)
10037,10037,Central Harlem (North)/East Harlem
10035,10035,East Harlem
10036,10036,Hell's Kitchen/Midtown Manhattan
10036,10110,Hell's Kitchen/Midtown Manhattan
10038,10038,Chinatown/Financial District
10040,10040,Washington Heights (North)
11104,11104,Sunnyside
11105,11105,Ditmars Steinway
10039,10039,Central Harlem (North)/Washington Heights (South)
10128,10128,Upper East Side/Yorkville
10044,10044,Roosevelt Island
10065,10065,Lenox Hill/Upper East Side
10069,10069,Lincoln Square
10075,10075,Lenox Hill/Upper East Side
10075,10162,Lenox Hill/Upper East Side
10280,10280,Battery Park City
10282,10282,Battery Park City
10301,10301,Silver Lake/St. George
11106,11106,Astoria (South)
10302,10302,Elm Park
10303,10303,Graniteville/Mariner's Harbor/Port Ivory
10304,10304,New Dorp/Todt Hill
10451,10451,Concourse/Melrose
10305,10305,Arrochar/Midland Beach/Shore Acres/South Beach Ocean Breeze
10306,10306,Lighthouse Hill/Midland Beach/New Dorp/Oakwood
10307,10307,Tottenville
10308,10308,Great Kills
10309,10309,Charleston/Prince's Bay/Woodrow
10310,10310,Port Richmond/Randall Manor/West Brighton
10312,10312,Annadale/Rossville
10314,10311,Bloomfield/Freshkills Park
10314,10314,Bloomfield/Freshkills Park
10456,10456,Claremont/Morrisania
10452,10452,Concourse/Highbridge
10453,10453,Morris Heights/Mount Hope/University Heights
10454,10454,Mott Haven/Port Morris
10455,10455,Mott Haven
10457,10457,Belmont/Claremont/Mount Hope/Tremont
10458,10458,Belmont/Fordham University/Kingsbridge
10459,10459,Charlotte Gardens/Hunts Point
10460,10460,Charlotte Gardens/Tremont/Van Nest/West Farms
10461,10461,Morris Park/Pelham Bay/Westchester Square
11004,11004,Bellerose/Douglaston-Little Neck
11004,11005,Bellerose/Douglaston-Little Neck
11004,11040,Bellerose/Douglaston-Little Neck
11101,11101,Astoria (South)/Long Island City/Sunnyside
10462,10462,Parkchester/Pelham Parkway/Van Nest/Westchester Square
10463,10463,Kingsbridge/Marble Hill/Riverdale/Spuyten Duyvil
10464,10464,City Island
10465,10465,Country Club/Throgs Neck
10466,10466,Edenwald/Wakefield
10467,10467,Allerton/Norwood/Pelham Parkway/Williamsbridge
10468,10468,Fordham/Kingsbridge/University Heights
10469,10469,Allerton/Baychester/Pelham Gardens/Williamsbridge
10470,10470,Wakefield/Woodlawn
11102,11102,Astoria (North)
11109,11109,Long Island City
10471,10471,Fieldston/North Riverdale/Riverdale
10472,10472,Soundview
10473,10473,Castle Hill/Clason Point/Soundview
10474,10474,Hunts Point
11103,11103,Astoria (North)/Astoria (South)
10475,10475,Co-op City/Edenwald
11201,11201,Brooklyn Heights/DUMBO/Downtown Brooklyn
11203,11203,East Flatbush (North)/East Flatbush (South)
11204,11204,Bensonhurst/Mapleton
11205,11205,Bedford-Stuyvesant (West)/Clinton Hill/Fort Greene
11206,11206,Williamsburg (South)
11207,11207,Cypress Hills/East New York
11209,11209,Bay Ridge/Fort Hamilton
11209,11425,Bay Ridge/Fort Hamilton
11208,11208,Cypress Hills/East New York
11210,11210,Flatlands/Midwood
11211,11211,East Williamsburg/Williamsburg (North)/Williamsburg (South)
11212,11212,Ocean Hill-Brownsville
11213,11213,Crown Heights (East)
11218,11218,Kensington/Windsor Terrace
11214,11214,Bath Beach/Bensonhurst/Gravesend
11215,11215,Gowanus/Park Slope/Windsor Terrace
11216,11216,Bedford-Stuyvesant (West)/Crown Heights (West)
11217,11217,Boerum Hill/Park Slope
11219,11219,Borough Park
11220,11220,Sunset Park
11221,11221,Bedford-Stuyvesant (East)/Bushwick
11222,11222,Greenpoint
11223,11223,Gravesend/Homecrest
11224,11224,Brighton Beach/Coney Island/Seagate
11225,11225,Crown Heights (West)/Prospect Lefferts Gardens
11226,11226,Flatbush/Prospect Lefferts Gardens
11228,11228,Bath Beach/Dyker Heights
11230,11230,Midwood
11415,11415,Kew Gardens
11415,11424,Kew Gardens
11229,11229,Gerritsen Beach/Homecrest/Sheepshead Bay
11231,11231,Carroll Gardens/Cobble Hill/Red Hook
11358,11358,Auburndale/Murray Hill
11232,11232,Sunset Park
11233,11233,Bedford-Stuyvesant (East)/Ocean Hill-Brownsville
11234,11234,Bergen Beach/Flatlands/Marine Park/Mill Basin
11235,11235,Brighton Beach/Manhattan Beach/Sheepshead Bay
11236,11236,Canarsie
11237,11237,Bushwick/East Williamsburg
11238,11238,Clinton Hill/Prospect Heights
11239,11239,East New York
11354,11354,Flushing/Murray Hill
11355,11355,Flushing/Murray Hill/Queensboro Hill
11356,11356,College Point
11357,11351,Whitestone
11357,11357,Whitestone
11360,11359,Bayside (North)
11360,11360,Bayside (North)
11372,11372,Jackson Heights
11361,11361,Bayside (North)/Bayside (South)
11362,11362,Douglaston-Little Neck
11416,11416,Ozone Park
11363,11363,Douglaston-Little Neck
11364,11364,Bayside (South)/Oakland Gardens
11373,11373,Elmhurst
11365,11365,Auburndale/Fresh Meadows/Pomonok/Utopia
11366,11366,Fresh Meadows/Hillcrest
11367,11367,Kew Gardens Hills/Pomonok
11374,11374,Rego Park
11368,11368,Corona/North Corona
11417,11417,Ozone Park
11369,11369,Airport/East Elmhurst
11369,11371,Airport/East Elmhurst
11370,11370,Jackson Heights/Rikers Island
11375,11375,Forest Hills
11379,11379,Middle Village
11377,11377,Woodside
11378,11378,Maspeth
11421,11421,Woodhaven
11422,11422,Rosedale
11385,11385,Glendale/Ridgewood
11411,11003,Cambria Heights
11411,11411,Cambria Heights
11412,11412,St. Albans
11413,11413,Laurelton/Rosedale
11414,11414,Hamilton Beach/Howard Beach/Lindenwood
11420,11420,South Ozone Park
11418,11418,Richmond Hill
11419,11419,Richmond Hill/South Ozone Park
11423,11423,Hollis/Holliswood
11426,11426,Bellerose
11427,11427,Bellerose/Hollis Hills/Holliswood
11428,11428,Queens Village
11436,11436,South Jamaica/South Ozone Park
11691,11691,Edgemere/Far Rockaway
11692,11692,Arverne/Edgemere
11693,11693,Arverne/Broad Channel
11429,11001,Queens Village
11429,11429,Queens Village
11432,11432,Hillcrest/Jamaica Estates/Jamaica Hills
11433,11433,Jamaica
11433,11451,Jamaica
11434,11430,Airport/South Jamaica/Springfield Gardens/St. Albans
11434,11434,Airport/South Jamaica/Springfield Gardens/St. Albans
11435,11435,Briarwood/Jamaica
11694,11694,Belle Harbor-Neponsit/Rockaway Park
11697,11697,Breezy Point
