bbl,apartments,hpd_complaints
1001110100,1930.0,0
1002450001,250.0,0
1002550001,721.0,0
1002560001,606.11,0
1002560014,149.0,0
1002580001,484.89,0
1002600001,795.13,1
1002600075,596.35,1
1002630001,240.0,0
1002670024,132.52,0
1003070001,106.0,0
1003230001,2369.0,4
1003380001,472.0,0
1003440010,13.0,0
1003470080,180.0,0
1003510001,180.0,0
1003560001,1855.0,1
1003620001,575.0,0
1003620010,463.17,0
1003670001,727.83,0
1003750001,66.0,0
1003750045,42.0,0
1003750063,12.0,0
1003780017,56.0,0
1003860033,107.0,0
1003870020,42.0,0
1003870144,24.0,0
1003890032,26.0,0
1003890036,26.0,0
1004160001,88.2,0
1004170001,149.0,0
1004200062,12.6,0
1004210052,88.2,0
1004290021,228.0,1
1004300010,125.0,0
1007140031,343.27,0
1007150010,257.45,0
1007160017,257.45,0
1007170019,85.82,0
1007230001,302.0,0
1007230015,423.0,0
1007240001,151.0,1
1007240010,95.0,0
1007240015,151.0,0
1009080017,133.5,0
1009080027,133.5,1
1010830015,188.0,0
1010840009,188.0,0
1011540101,1084.0,0
1011560020,174.0,0
1012030013,39.17,0
1012040021,104.44,0
1012040056,26.11,0
1012050001,167.0,0
1012070050,40.0,0
1012140055,35.0,0
1012190001,157.0,0
1012210038,87.0,0
1012240016,65.28,0
1012240042,68.0,0
1012410025,215.0,1
1014450023,150.0,0
1015730001,633.0,4
1015730020,534.0,0
1015960001,1378.0,0
1016050024,574.62,3
1016080023,287.31,0
1016100023,383.08,0
1016130023,308.0,0
1016150023,308.0,0
1016180001,813.33,0
1016200023,650.67,1
1016260001,222.5,0
1016260021,222.5,0
1016320001,124.5,0
1016330001,124.5,0
1016360001,249.0,0
1016370001,249.0,0
1016400001,762.35,1
1016400021,533.65,2
1016470001,431.71,1
1016490001,647.57,0
1016520001,431.71,0
1016620001,607.76,0
1016620016,86.82,0
1016840001,781.41,0
1016960001,1150.0,0
1016990001,398.0,1
1017570001,705.65,0
1017570020,577.35,0
1017970001,877.5,1
1018080001,1267.5,1
1018360001,941.09,4
1018550001,1102.91,0
1018720029,158.0,0
1018730009,12.44,0
1018740029,133.0,0
1018750005,74.67,0
1018750009,12.44,0
1018750057,12.44,0
1019330001,870.86,9
1019330050,653.14,1
1019640001,861.78,1
1019800001,1077.22,3
1020270001,242.2,0
1020270025,242.2,0
1020280001,242.2,2
1020280016,242.2,0
1020290001,242.2,0
1021060003,1613.0,1
1021060320,983.0,0
1022150116,916.36,1
1022150623,152.73,1
1022160001,1163.0,0
2022630019,554.22,1
2022980040,690.4,0
2023030021,123.88,0
2023040001,619.38,2
2023060009,247.75,0
2023110001,1035.6,1
2023240001,858.24,3
2023250001,929.76,1
2023720001,64.0,0
2023900024,205.0,0
2023950001,604.0,0
2024099059,168.0,0
2024130001,1019.0,0
2024160001,864.0,0
2024209020,336.0,0
2024209078,336.0,2
2024270003,15.11,0
2024270004,17.67,0
2024270006,17.67,0
2024270007,15.11,0
2024270009,17.67,0
2024270010,15.11,0
2024270012,15.11,0
2024270022,17.67,0
2024280003,15.11,0
2024280004,21.2,0
2024280009,21.2,0
2024280012,15.11,0
2024280015,21.2,0
2024290001,89.0,0
2024290028,17.67,0
2024300030,17.67,0
2024330001,92.0,0
2024340018,42.0,0
2024340026,42.0,2
2024340034,42.0,0
2024340053,15.11,0
2024340057,15.11,0
2024340074,21.2,0
2024340080,21.2,0
2024340088,15.11,0
2025270032,699.0,0
2025480001,692.78,0
2025480042,124.0,0
2026230135,332.33,0
2026280001,664.67,1
2026380090,616.0,4
2026390001,808.8,0
2026400001,539.2,0
2026540002,525.14,1
2026650001,393.86,0
2027400013,10.08,0
2027400015,10.08,0
2027400016,10.08,0
2027400018,10.08,0
2027400019,10.08,0
2027400021,10.08,0
2027400022,10.08,0
2027400024,10.08,0
2027400025,10.08,0
2027400027,10.08,0
2027400028,10.08,0
2027400030,10.08,0
2027480025,11.68,0
2027490025,23.37,0
2027510015,59.43,0
2027510030,29.71,0
2027510033,29.71,0
2027540046,20.0,0
2027560010,52.58,0
2027570001,23.37,0
2027570020,37.5,0
2027570080,37.5,2
2027610003,10.08,0
2028770001,783.0,0
2028770497,148.0,0
2028940001,734.5,1
2028950001,734.5,0
2029010001,541.5,0
2029020036,342.0,0
2029100001,541.5,0
2029110001,456.0,2
2029880018,54.0,0
2029880019,30.0,0
2029890001,18.0,0
2029890011,66.0,1
2029900011,65.0,0
2029970030,72.0,0
2030070036,89.14,0
2032650001,458.18,0
2035090025,1.0,0
2035120039,1.0,0
2035150001,482.31,1
2035340001,577.71,0
2035370001,577.71,0
2035510001,771.69,0
2035700001,577.71,0
2035730001,288.86,0
2035910001,128.84,0
2036330001,270.16,0
2036370001,792.28,0
2036630001,304.72,0
2037140036,27.0,0
2037150023,27.0,0
2037150025,27.0,0
2037230001,586.14,0
2037250001,532.86,1
2037300001,373.0,42
2037370001,95.0,0
2038660031,112.5,3
2038680033,112.5,0
2038860002,1243.0,2
2039630043,131.0,0
2043490001,498.56,0
2043630001,199.42,0
2044440001,565.03,0
2045070048,87.9,0
2045420100,791.1,0
2046290050,727.0,0
2047810029,1.0,0
2055640001,658.88,0
2055670001,364.38,0
2055680001,83.67,0
2055680050,83.67,0
2055680100,83.67,0
2055820001,441.75,0
2057020001,152.73,0
3000680001,414.9,0
3000710001,553.2,0
3000900001,414.9,1
3003920001,565.5,0
3003940001,528.0,1
3004040001,565.5,0
3005330001,720.49,2
3005380001,1821.29,12
3005570001,330.22,0
3009430069,3.0,0
3013440001,1023.0,0
3013440175,183.0,0
3013520001,396.0,4
3013520080,812.0,0
3014380001,132.0,0
3014600001,200.0,0
3015800001,592.58,0
3015850001,234.0,0
3015950001,113.0,0
3015950024,226.0,2
3015970001,380.5,0
3015980001,253.66,8
3016010024,126.83,0
3016880001,889.0,0
3017190001,977.14,0
3017380001,732.86,2
3017400001,1043.0,1
3017490015,501.42,0
3018890034,3.0,0
3018890036,3.0,0
3019380001,881.0,1
3019650075,4.0,0
3020070001,299.0,0
3020340001,849.33,3
3020400001,413.25,0
3020410001,1239.75,1
3020500001,970.67,4
3020730046,2.0,0
3021750030,105.0,0
3021750060,105.0,0
3021750070,105.0,0
3021750080,105.0,0
3021750090,105.0,0
3028670001,698.0,0
3030800010,63.0,0
3030800040,63.0,0
3030800050,63.0,0
3030800070,63.0,0
3030810001,60.14,0
3030810040,60.14,0
3030810050,60.14,0
3030810060,60.14,0
3030810070,60.14,0
3030810075,60.14,0
3030810080,60.14,0
3030960001,63.0,0
3030960014,63.0,0
3030980001,209.0,0
3031050001,63.0,0
3031050109,63.0,0
3031290001,1217.0,5
3034890001,810.0,0
3034940010,256.0,0
3034960013,64.0,0
3035070001,108.0,0
3035260021,503.0,0
3035440001,638.0,0
3035610001,696.0,0
3035760001,997.0,1
3037090001,324.0,0
3037270001,396.75,0
3037450001,132.25,0
3037600001,670.55,1
3037670036,57.0,0
3037680018,57.0,0
3037690030,55.67,0
3037700001,111.33,0
3037770001,618.97,8
3037800001,202.5,0
3037840001,176.92,0
3037850015,212.31,0
3037870001,114.0,13
3037870005,70.77,0
3037940001,420.48,0
3037970001,202.5,0
3038740007,4.0,0
3040700016,2.0,0
3040700019,2.0,0
3040700024,2.0,0
3042630040,14.0,0
3042920061,1436.0,0
3044310100,286.0,0
3044540030,2.0,0
3044580035,16.0,0
3044800004,20.0,0
3044810004,4.0,0
3044810016,8.0,0
3044810059,4.0,0
3044860001,271.82,0
3044880001,543.64,1
3045080001,271.82,0
3045100001,407.73,0
3046090013,2.0,0
3069640002,633.0,0
3070070001,236.0,0
3070150015,226.33,0
3070460022,123.0,0
3070470014,282.0,0
3070480015,282.0,0
3070490015,354.0,1
3070530014,373.0,0
3070560014,226.33,0
3070570012,226.33,1
3070590026,193.0,2
3070670001,532.0,0
3070700001,380.0,2
3071370001,692.21,1
3071400016,1069.79,0
3073870001,526.0,0
3073890001,573.0,0
3074051001,526.0,0
3074080001,573.0,0
3079780001,1186.0,1
3081580001,539.92,0
3081580205,269.96,0
3081740001,286.83,0
3081910001,168.72,0
3081930001,320.57,0
4003320002,576.0,0
4003350002,576.0,0
4004650001,1110.2,0
4004650100,489.8,15
4004700001,522.89,2
4004700100,490.21,1
4004700200,522.89,3
4004900101,1094.0,2
4005230002,432.0,0
4005590002,576.0,0
4007360002,344.4,0
4007380050,1008.6,0
4041700001,13.0,0
4049510008,421.0,0
4049570024,83.0,0
4050370008,399.0,0
4067920001,581.1,1
4067920030,1486.91,2
4096120068,1.0,0
4097610036,152.0,0
4098020041,146.0,1
4100190011,1.0,0
4101250012,22.04,0
4101250033,325.82,0
4101250063,88.15,11
4101270001,154.26,0
4101460051,122.18,0
4101480001,132.22,0
4101620025,1.0,0
4101670016,1.0,0
4101730024,1.0,0
4101970051,1.0,0
4102010012,1.0,0
4102120033,214.0,0
4102410019,1.0,0
4102820058,1.0,0
4102840018,1.0,0
4103650028,1.0,0
4103680060,1.0,0
4103780041,1.0,0
4104150006,1.0,0
4104200036,1.0,0
4104200080,1.0,0
4107720021,1.0,0
4108730024,2.0,0
4109030042,1.0,0
4109150020,1.0,0
4109220017,1.0,0
4109230027,1.0,0
4109470041,1.0,0
4109540041,1.0,0
4109660222,1.0,0
4109670159,1.0,0
4109810139,1.0,0
4109850011,1.0,0
4109890105,1.0,0
4109940020,1.0,0
4109990075,1.0,0
4110110060,1.0,0
4110120043,1.0,0
4110140027,1.0,0
4110160026,1.0,0
4110200021,1.0,0
4110390004,1.0,0
4110510023,1.0,0
4110520060,1.0,0
4110580007,2.0,0
4110580015,2.0,0
4111130036,1.0,0
4111200001,1.0,0
4111240053,1.0,0
4111290028,1.0,0
4111340018,1.0,0
4111410070,1.0,0
4112080049,1.0,0
4112350046,1.0,0
4116100057,1.0,0
4116780060,1.0,0
4116960016,1.0,0
4116980035,1.0,0
4117590055,1.0,0
4117710045,1.0,0
4117810285,1.0,0
4117810292,1.0,0
4119250082,1.0,0
4119540078,1.0,0
4119600020,1.0,0
4119640294,1.0,0
4119680050,1.0,0
4119750032,1.0,0
4119750142,1.0,0
4119910017,1.0,0
4120150164,1.0,0
4120250077,1.0,0
4120270049,1.0,0
4120480097,1.0,0
4120580205,2.0,0
4121030071,1.0,0
4121090066,1.0,0
4121150028,1.0,0
4121150033,1.0,0
4121480100,198.33,4
4121700023,1.0,0
4122020019,1.0,0
4122350022,227.4,0
4123350044,151.6,5
4123400068,1.0,0
4124380138,1.0,0
4124620019,2.0,0
4124690156,1.0,0
4124820142,1.0,0
4125220108,1.0,0
4125910227,1.0,0
4126090034,1.0,0
4126090045,1.0,0
4126210018,1.0,0
4126240061,1.0,0
4126340029,1.0,0
4126390054,1.0,0
4126460009,1.0,0
4126650031,1.0,0
4126700008,1.0,0
4127060038,1.0,0
4127320009,1.0,0
4127780124,1.0,0
4128170053,1.0,0
4128250102,1.0,0
4129280078,1.0,0
4129840026,1.0,0
4130220085,1.0,0
4130330032,1.0,0
4130420108,1.0,0
4130750067,1.0,0
4130990024,1.0,0
4131790027,1.0,0
4155010002,599.0,2
4155020002,2.0,0
4155020003,2.0,0
4157820051,1.0,0
4158920001,417.0,3
4159020046,2.0,0
4159550003,356.0,0
4159600060,356.0,0
4160830037,169.0,0
4161140002,703.0,0
5000510001,162.67,0
5000510030,325.33,2
5000710001,94.5,0
5000710011,189.0,0
5000710025,94.5,0
5005450100,693.0,10
5007060001,502.0,0
5012450001,318.75,1
5012480200,281.25,0
5028320068,276.0,0
5032430100,421.0,0
5035320500,506.0,2
