development,bbl,zip_code,apartments,rad_transferred_date,managed_share
1010 EAST 178TH STREET,,,218.0,2025-06-24,1.0
104-14 TAPSCOTT STREET,,,28.0,2023-11-28,0.635
1162-1176 WASHINGTON AVENUE,2023720001,10456,64.0,,1.0
131 SAINT NICHOLAS AVENUE,,,98.0,,1.0
1471 WATSON AVENUE,2037370001,10472,95.0,,1.0
154 WEST 84TH STREET,1012140055,10024,35.0,,1.0
303 VERNON AVENUE,3015850001,11206,234.0,,1.0
335 EAST 111TH STREET,,,66.0,2020-11-30,0.0
344 EAST 28TH STREET,,,225.0,2020-11-30,0.0
45 ALLEN STREET,1003070001,10002,106.0,,1.0
572 WARREN STREET,,,200.0,2020-02-12,0.0
830 AMSTERDAM AVENUE,1018720029,10025,158.0,,1.0
ADAMS,2026540002,10455,525.14,,1.0
ADAMS,2026650001,10455,393.86,,1.0
ALBANY,3013520080,11213,812.0,,1.0
ALBANY II,3013520001,11213,396.0,,1.0
AMSTERDAM,1011540101,10023,1084.0,,1.0
AMSTERDAM ADDITION,1011560020,10023,174.0,,1.0
ARMSTRONG I,,,369.0,2020-02-12,0.0
ARMSTRONG II,,,248.0,2020-02-12,0.0
ASTORIA,4004900101,11102,1094.0,,1.0
ATLANTIC TERMINAL SITE 4B,3020070001,11238,299.0,,1.0
AUDUBON,,,167.0,2023-01-10,0.3412
BAILEY AVENUE-WEST 193RD STREET,,,233.0,2025-06-24,1.0
BAISLEY PARK,4122350022,11434,227.4,,1.0
BAISLEY PARK,4123350044,11434,151.6,,1.0
BARUCH,1003230001,10002,2174.0,,1.0
BARUCH HOUSES ADDITION,1003230001,10002,195.0,,1.0
BAY VIEW,,,1608.0,,1.0
BAYCHESTER,,,440.0,2018-12-27,0.0
BEACH 41ST STREET-BEACH CHANNEL DRIVE,4159550003,11691,356.0,,1.0
BEACH 41ST STREET-BEACH CHANNEL DRIVE,4159600060,11691,356.0,,1.0
BEDFORD-STUYVESANT REHAB,,,84.0,,1.0
BELMONT-SUTTER AREA,,,72.0,2021-12-28,0.0
BERRY,5035320500,10306,506.0,,1.0
BERRY STREET-SOUTH 9TH STREET,,,150.0,2020-02-12,0.0
BETANCES I,,,309.0,2018-11-16,0.0
"BETANCES II, 13",,,51.0,2018-11-16,0.0
"BETANCES II, 18",,,78.0,2018-11-16,0.0
"BETANCES II, 9A",,,46.0,2018-11-16,0.0
"BETANCES III, 13",,,22.0,2018-11-16,0.0
"BETANCES III, 18",,,19.0,2018-11-16,0.0
"BETANCES III, 9A",,,26.0,2018-11-16,0.0
BETANCES IV,,,282.0,2018-11-16,0.0
BETANCES V,,,100.0,2018-11-16,0.0
BETANCES VI,,,155.0,2018-11-16,0.0
BETHUNE GARDENS,,,209.0,2023-01-10,0.3412
BLAND,4050370008,11354,399.0,,1.0
BORINQUEN PLAZA I,3030800010,11206,63.0,,1.0
BORINQUEN PLAZA I,3030800040,11206,63.0,,1.0
BORINQUEN PLAZA I,3030800050,11206,63.0,,1.0
BORINQUEN PLAZA I,3030800070,11206,63.0,,1.0
BORINQUEN PLAZA I,3030960001,11206,63.0,,1.0
BORINQUEN PLAZA I,3030960014,11206,63.0,,1.0
BORINQUEN PLAZA I,3031050001,11206,63.0,,1.0
BORINQUEN PLAZA I,3031050109,11206,63.0,,1.0
BORINQUEN PLAZA II,3030810001,11206,60.14,,1.0
BORINQUEN PLAZA II,3030810040,11206,60.14,,1.0
BORINQUEN PLAZA II,3030810050,11206,60.14,,1.0
BORINQUEN PLAZA II,3030810060,11206,60.14,,1.0
BORINQUEN PLAZA II,3030810070,11206,60.14,,1.0
BORINQUEN PLAZA II,3030810075,11206,60.14,,1.0
BORINQUEN PLAZA II,3030810080,11206,60.14,,1.0
BOSTON ROAD PLAZA,,,212.0,2024-09-26,0.9115
BOSTON SECOR,,,509.0,2024-09-26,0.9115
BOULEVARD,,,1424.0,2021-12-28,0.0
BOYNTON AVENUE REHAB,2037140036,10472,27.0,,1.0
BOYNTON AVENUE REHAB,2037150023,10472,27.0,,1.0
BOYNTON AVENUE REHAB,2037150025,10472,27.0,,1.0
BRACETTI PLAZA,1003860033,10009,107.0,,1.0
BREUKELEN,3081580001,11207,354.32,,1.0
BREUKELEN,3081580001,11236,185.6,,1.0
BREUKELEN,3081580205,11207,67.49,,1.0
BREUKELEN,3081580205,11236,202.47,,1.0
BREUKELEN,3081740001,11236,286.83,,1.0
BREUKELEN,3081910001,11236,168.72,,1.0
BREUKELEN,3081930001,11236,320.57,,1.0
BREVOORT,3016880001,11233,889.0,,1.0
BRONX RIVER,2038860002,10472,1243.0,,1.0
BRONX RIVER ADDITION,2038660031,10472,112.5,,1.0
BRONX RIVER ADDITION,2038680033,10472,112.5,,1.0
BROWN,3014600001,11233,200.0,,1.0
BROWNSVILLE,3035440001,11212,638.0,,1.0
BROWNSVILLE,3035610001,11212,696.0,,1.0
BRYANT AVENUE-EAST 174TH STREET,2029970030,10460,72.0,,1.0
BUSHWICK,3031290001,11206,1217.0,,1.0
BUSHWICK II (GROUPS A & C),,,299.0,2019-07-18,0.0
BUSHWICK II (GROUPS B & D),,,300.0,2019-07-18,0.0
BUSHWICK II CDA (GROUP E),,,276.0,2019-07-18,0.0
BUTLER,2028940001,10456,734.5,,1.0
BUTLER,2028950001,10456,734.5,,1.0
CAMPOS PLAZA II,,,223.0,,1.0
CAREY GARDENS,3070150015,11224,226.33,,1.0
CAREY GARDENS,3070560014,11224,226.33,,1.0
CAREY GARDENS,3070570012,11224,226.33,,1.0
CARLETON MANOR,4160830037,11692,169.0,,1.0
CARVER,1016050024,10029,574.62,,1.0
CARVER,1016080023,10029,287.31,,1.0
CARVER,1016100023,10029,383.08,,1.0
CASSIDY-LAFAYETTE,5000710001,10301,94.5,,1.0
CASSIDY-LAFAYETTE,5000710011,10301,189.0,,1.0
CASSIDY-LAFAYETTE,5000710025,10301,94.5,,1.0
CASTLE HILL,2035340001,10473,577.71,,1.0
CASTLE HILL,2035370001,10473,577.71,,1.0
CASTLE HILL,2035700001,10473,577.71,,1.0
CASTLE HILL,2035730001,10473,288.86,,1.0
CHELSEA,1007230015,10001,423.0,,1.0
CHELSEA ADDITION,1007240010,10001,95.0,,1.0
CLAREMONT PARKWAY-FRANKLIN AVENUE,,,173.0,2023-09-28,0.5794
CLAREMONT REHAB (GROUP 2),2024270004,10456,17.67,,1.0
CLAREMONT REHAB (GROUP 2),2024270006,10456,17.67,,1.0
CLAREMONT REHAB (GROUP 2),2024270009,10456,17.67,,1.0
CLAREMONT REHAB (GROUP 2),2024270022,10456,17.67,,1.0
CLAREMONT REHAB (GROUP 2),2024290028,10456,17.67,,1.0
CLAREMONT REHAB (GROUP 2),2024300030,10456,17.67,,1.0
CLAREMONT REHAB (GROUP 3),2024280004,10456,21.2,,1.0
CLAREMONT REHAB (GROUP 3),2024280009,10456,21.2,,1.0
CLAREMONT REHAB (GROUP 3),2024280015,10456,21.2,,1.0
CLAREMONT REHAB (GROUP 3),2024340074,10456,21.2,,1.0
CLAREMONT REHAB (GROUP 3),2024340080,10456,21.2,,1.0
CLAREMONT REHAB (GROUP 4),2024270003,10456,15.11,,1.0
CLAREMONT REHAB (GROUP 4),2024270007,10456,15.11,,1.0
CLAREMONT REHAB (GROUP 4),2024270010,10456,15.11,,1.0
CLAREMONT REHAB (GROUP 4),2024270012,10456,15.11,,1.0
CLAREMONT REHAB (GROUP 4),2024280003,10456,15.11,,1.0
CLAREMONT REHAB (GROUP 4),2024280012,10456,15.11,,1.0
CLAREMONT REHAB (GROUP 4),2024340053,10456,15.11,,1.0
CLAREMONT REHAB (GROUP 4),2024340057,10456,15.11,,1.0
CLAREMONT REHAB (GROUP 4),2024340088,10456,15.11,,1.0
CLAREMONT REHAB (GROUP 5),2024340018,10456,42.0,,1.0
CLAREMONT REHAB (GROUP 5),2024340026,10456,42.0,,1.0
CLAREMONT REHAB (GROUP 5),2024340034,10456,42.0,,1.0
CLASON POINT GARDENS,2035910001,10473,128.84,,1.0
CLASON POINT GARDENS,2036330001,10473,270.16,,1.0
CLINTON,1016320001,10029,124.5,,1.0
CLINTON,1016330001,10029,124.5,,1.0
CLINTON,1016360001,10029,249.0,,1.0
CLINTON,1016370001,10029,249.0,,1.0
COLLEGE AVENUE-EAST 165TH STREET,2024330001,10456,92.0,,1.0
CONEY ISLAND,3070670001,11224,532.0,,1.0
CONEY ISLAND I (SITE 1B),3070590026,11224,193.0,,1.0
CONEY ISLAND I (SITE 8),3070460022,11224,123.0,,1.0
CONEY ISLAND I (SITES 4 & 5),3070530014,11224,373.0,,1.0
CONLON LIHFE TOWER,4102120033,11433,214.0,,1.0
COOPER PARK,3028670001,11211,483.23,,1.0
COOPER PARK,3028670001,11222,214.77,,1.0
CORSI HOUSES,,,171.0,,1.0
CROWN HEIGHTS,,,116.0,2023-11-28,0.635
CYPRESS HILLS,3042920061,11208,1436.0,,1.0
DAVIDSON,,,173.0,2023-09-28,0.5794
DE HOSTOS APARTMENTS,1012410025,10025,215.0,,1.0
DOUGLASS ADDITION,1018740029,10025,133.0,,1.0
DOUGLASS I,1018360001,10025,941.09,,1.0
DOUGLASS I,1018550001,10025,352.91,,1.0
DOUGLASS II,1018550001,10025,750.0,,1.0
DREW-HAMILTON,1020270001,10030,242.2,,1.0
DREW-HAMILTON,1020270025,10030,242.2,,1.0
DREW-HAMILTON,1020280001,10030,242.2,,1.0
DREW-HAMILTON,1020280016,10030,242.2,,1.0
DREW-HAMILTON,1020290001,10030,242.2,,1.0
DYCKMAN,1022160001,10034,1163.0,,1.0
EAGLE AVENUE-EAST 163RD STREET,,,66.0,2023-09-28,0.5794
EAST 152ND STREET-COURTLANDT AVENUE,,,221.0,,1.0
EAST 165TH STREET-BRYANT AVENUE,2027480025,10459,11.68,,1.0
EAST 165TH STREET-BRYANT AVENUE,2027490025,10459,23.37,,1.0
EAST 165TH STREET-BRYANT AVENUE,2027560010,10459,52.58,,1.0
EAST 165TH STREET-BRYANT AVENUE,2027570001,10459,23.37,,1.0
EAST 173RD STREET-VYSE AVENUE,2029880018,10460,54.0,,1.0
EAST 173RD STREET-VYSE AVENUE,2029880019,10460,30.0,,1.0
EAST 173RD STREET-VYSE AVENUE,2029890001,10460,18.0,,1.0
EAST 173RD STREET-VYSE AVENUE,2029890011,10460,66.0,,1.0
EAST 180TH STREET-MONTEREY AVENUE,,,239.0,2025-06-24,1.0
EAST NEW YORK CITY LINE,3042630040,11208,14.0,,1.0
EAST NEW YORK CITY LINE,3044580035,11208,16.0,,1.0
EAST NEW YORK CITY LINE,3044800004,11208,20.0,,1.0
EAST NEW YORK CITY LINE,3044810004,11208,4.0,,1.0
EAST NEW YORK CITY LINE,3044810016,11208,8.0,,1.0
EAST NEW YORK CITY LINE,3044810059,11208,4.0,,1.0
EAST RIVER,1016960001,10029,1150.0,,1.0
EASTCHESTER GARDENS,,,874.0,2025-03-27,1.0
EDENWALD,,,2035.0,2023-06-27,0.4945
ELLIOTT,1007230001,10001,302.0,,1.0
ELLIOTT,1007240001,10001,151.0,,1.0
ELLIOTT,1007240015,10001,151.0,,1.0
FARRAGUT,3000680001,11201,414.9,,1.0
FARRAGUT,3000710001,11201,553.2,,1.0
FARRAGUT,3000900001,11201,414.9,,1.0
FENIMORE-LEFFERTS,,,35.0,2023-11-28,0.635
FHA REPOSSESSED HOUSES (GROUP I),4103680060,11412,1.0,,1.0
FHA REPOSSESSED HOUSES (GROUP I),4104200080,11412,1.0,,1.0
FHA REPOSSESSED HOUSES (GROUP I),4109030042,11412,1.0,,1.0
FHA REPOSSESSED HOUSES (GROUP I),4110110060,11412,1.0,,1.0
FHA REPOSSESSED HOUSES (GROUP I),4111290028,11429,1.0,,1.0
FHA REPOSSESSED HOUSES (GROUP I),4111340018,11429,1.0,,1.0
FHA REPOSSESSED HOUSES (GROUP I),4116960016,11420,1.0,,1.0
FHA REPOSSESSED HOUSES (GROUP I),4119540078,11436,1.0,,1.0
FHA REPOSSESSED HOUSES (GROUP I),4119750142,11436,1.0,,1.0
FHA REPOSSESSED HOUSES (GROUP I),4121030071,11436,1.0,,1.0
FHA REPOSSESSED HOUSES (GROUP I),4121090066,11436,1.0,,1.0
FHA REPOSSESSED HOUSES (GROUP I),4122020019,11434,1.0,,1.0
FHA REPOSSESSED HOUSES (GROUP I),4124620019,11434,2.0,,1.0
FHA REPOSSESSED HOUSES (GROUP I),4126390054,11412,1.0,,1.0
FHA REPOSSESSED HOUSES (GROUP I),4127780124,11411,1.0,,1.0
FHA REPOSSESSED HOUSES (GROUP I),4129280078,11413,1.0,,1.0
FHA REPOSSESSED HOUSES (GROUP I),4129840026,11434,1.0,,1.0
FHA REPOSSESSED HOUSES (GROUP I),4130220085,11413,1.0,,1.0
FHA REPOSSESSED HOUSES (GROUP I),4155020002,11691,2.0,,1.0
FHA REPOSSESSED HOUSES (GROUP I),4155020003,11691,2.0,,1.0
FHA REPOSSESSED HOUSES (GROUP II),2035090025,10473,1.0,,1.0
FHA REPOSSESSED HOUSES (GROUP II),4102410019,11433,1.0,,1.0
FHA REPOSSESSED HOUSES (GROUP II),4102820058,11433,1.0,,1.0
FHA REPOSSESSED HOUSES (GROUP II),4109470041,11429,1.0,,1.0
FHA REPOSSESSED HOUSES (GROUP II),4109890105,11412,1.0,,1.0
FHA REPOSSESSED HOUSES (GROUP II),4111410070,11429,1.0,,1.0
FHA REPOSSESSED HOUSES (GROUP II),4119680050,11436,1.0,,1.0
FHA REPOSSESSED HOUSES (GROUP II),4120580205,11436,2.0,,1.0
FHA REPOSSESSED HOUSES (GROUP II),4121150028,11436,1.0,,1.0
FHA REPOSSESSED HOUSES (GROUP II),4128250102,11411,1.0,,1.0
FHA REPOSSESSED HOUSES (GROUP III),2047810029,10469,1.0,,1.0
FHA REPOSSESSED HOUSES (GROUP III),4104200036,11412,1.0,,1.0
FHA REPOSSESSED HOUSES (GROUP III),4108730024,11429,2.0,,1.0
FHA REPOSSESSED HOUSES (GROUP III),4109670159,11429,1.0,,1.0
FHA REPOSSESSED HOUSES (GROUP III),4110510023,11411,1.0,,1.0
FHA REPOSSESSED HOUSES (GROUP III),4111240053,11429,1.0,,1.0
FHA REPOSSESSED HOUSES (GROUP III),4116780060,11420,1.0,,1.0
FHA REPOSSESSED HOUSES (GROUP III),4119910017,11436,1.0,,1.0
FHA REPOSSESSED HOUSES (GROUP III),4121150033,11436,1.0,,1.0
FHA REPOSSESSED HOUSES (GROUP III),4131790027,11413,1.0,,1.0
FHA REPOSSESSED HOUSES (GROUP IV),2035120039,10473,1.0,,1.0
FHA REPOSSESSED HOUSES (GROUP IV),4096120068,11419,1.0,,1.0
FHA REPOSSESSED HOUSES (GROUP IV),4109990075,11412,1.0,,1.0
FHA REPOSSESSED HOUSES (GROUP IV),4120250077,11436,1.0,,1.0
FHA REPOSSESSED HOUSES (GROUP IV),4124380138,11412,1.0,,1.0
FHA REPOSSESSED HOUSES (GROUP IV),4126460009,11412,1.0,,1.0
FHA REPOSSESSED HOUSES (GROUP IV),4127320009,11413,1.0,,1.0
FHA REPOSSESSED HOUSES (GROUP IV),4128170053,11411,1.0,,1.0
FHA REPOSSESSED HOUSES (GROUP IV),4130420108,11413,1.0,,1.0
FHA REPOSSESSED HOUSES (GROUP IX),3009430069,11217,3.0,,1.0
FHA REPOSSESSED HOUSES (GROUP IX),3018890034,11205,3.0,,1.0
FHA REPOSSESSED HOUSES (GROUP IX),3018890036,11205,3.0,,1.0
FHA REPOSSESSED HOUSES (GROUP IX),3019650075,11238,4.0,,1.0
FHA REPOSSESSED HOUSES (GROUP IX),3020730046,11205,2.0,,1.0
FHA REPOSSESSED HOUSES (GROUP IX),3040700016,11208,2.0,,1.0
FHA REPOSSESSED HOUSES (GROUP IX),3040700019,11208,2.0,,1.0
FHA REPOSSESSED HOUSES (GROUP IX),3040700024,11208,2.0,,1.0
FHA REPOSSESSED HOUSES (GROUP IX),3044540030,11208,2.0,,1.0
FHA REPOSSESSED HOUSES (GROUP IX),3046090013,11212,2.0,,1.0
FHA REPOSSESSED HOUSES (GROUP IX),4123400068,11434,1.0,,1.0
FHA REPOSSESSED HOUSES (GROUP IX),4125910227,11434,1.0,,1.0
FHA REPOSSESSED HOUSES (GROUP V),3038740007,11207,4.0,,1.0
FHA REPOSSESSED HOUSES (GROUP V),4101670016,11433,1.0,,1.0
FHA REPOSSESSED HOUSES (GROUP V),4101730024,11433,1.0,,1.0
FHA REPOSSESSED HOUSES (GROUP V),4101970051,11433,1.0,,1.0
FHA REPOSSESSED HOUSES (GROUP V),4102010012,11433,1.0,,1.0
FHA REPOSSESSED HOUSES (GROUP V),4103650028,11423,1.0,,1.0
FHA REPOSSESSED HOUSES (GROUP V),4104150006,11412,1.0,,1.0
FHA REPOSSESSED HOUSES (GROUP V),4107720021,11429,1.0,,1.0
FHA REPOSSESSED HOUSES (GROUP V),4109150020,11429,1.0,,1.0
FHA REPOSSESSED HOUSES (GROUP V),4109230027,11412,1.0,,1.0
FHA REPOSSESSED HOUSES (GROUP V),4109810139,11412,1.0,,1.0
FHA REPOSSESSED HOUSES (GROUP V),4109850011,11429,1.0,,1.0
FHA REPOSSESSED HOUSES (GROUP V),4109940020,11412,1.0,,1.0
FHA REPOSSESSED HOUSES (GROUP V),4110120043,11412,1.0,,1.0
FHA REPOSSESSED HOUSES (GROUP V),4110390004,11412,1.0,,1.0
FHA REPOSSESSED HOUSES (GROUP V),4110520060,11411,1.0,,1.0
FHA REPOSSESSED HOUSES (GROUP V),4110580015,11412,2.0,,1.0
FHA REPOSSESSED HOUSES (GROUP V),4111130036,11429,1.0,,1.0
FHA REPOSSESSED HOUSES (GROUP V),4116980035,11420,1.0,,1.0
FHA REPOSSESSED HOUSES (GROUP V),4117590055,11420,1.0,,1.0
FHA REPOSSESSED HOUSES (GROUP V),4117810292,11420,1.0,,1.0
FHA REPOSSESSED HOUSES (GROUP V),4119640294,11435,1.0,,1.0
FHA REPOSSESSED HOUSES (GROUP V),4120270049,11436,1.0,,1.0
FHA REPOSSESSED HOUSES (GROUP V),4124820142,11434,1.0,,1.0
FHA REPOSSESSED HOUSES (GROUP V),4125220108,11434,1.0,,1.0
FHA REPOSSESSED HOUSES (GROUP V),4126090034,11412,1.0,,1.0
FHA REPOSSESSED HOUSES (GROUP V),4126090045,11412,1.0,,1.0
FHA REPOSSESSED HOUSES (GROUP V),4130330032,11413,1.0,,1.0
FHA REPOSSESSED HOUSES (GROUP VI),4101620025,11433,1.0,,1.0
FHA REPOSSESSED HOUSES (GROUP VI),4103780041,11412,1.0,,1.0
FHA REPOSSESSED HOUSES (GROUP VI),4110140027,11412,1.0,,1.0
FHA REPOSSESSED HOUSES (GROUP VI),4110580007,11412,2.0,,1.0
FHA REPOSSESSED HOUSES (GROUP VI),4120150164,11436,1.0,,1.0
FHA REPOSSESSED HOUSES (GROUP VI),4130750067,11434,1.0,,1.0
FHA REPOSSESSED HOUSES (GROUP VII),4110160026,11412,1.0,,1.0
FHA REPOSSESSED HOUSES (GROUP VII),4112350046,11429,1.0,,1.0
FHA REPOSSESSED HOUSES (GROUP VII),4117710045,11420,1.0,,1.0
FHA REPOSSESSED HOUSES (GROUP VII),4126240061,11412,1.0,,1.0
FHA REPOSSESSED HOUSES (GROUP VII),4127060038,11413,1.0,,1.0
FHA REPOSSESSED HOUSES (GROUP VIII),4109540041,11412,1.0,,1.0
FHA REPOSSESSED HOUSES (GROUP VIII),4110200021,11412,1.0,,1.0
FHA REPOSSESSED HOUSES (GROUP VIII),4116100057,11420,1.0,,1.0
FHA REPOSSESSED HOUSES (GROUP VIII),4119250082,11435,1.0,,1.0
FHA REPOSSESSED HOUSES (GROUP VIII),4120480097,11436,1.0,,1.0
FHA REPOSSESSED HOUSES (GROUP VIII),4126210018,11412,1.0,,1.0
FHA REPOSSESSED HOUSES (GROUP VIII),4130990024,11413,1.0,,1.0
FHA REPOSSESSED HOUSES (GROUP X),4100190011,11435,1.0,,1.0
FHA REPOSSESSED HOUSES (GROUP X),4102840018,11433,1.0,,1.0
FHA REPOSSESSED HOUSES (GROUP X),4109220017,11429,1.0,,1.0
FHA REPOSSESSED HOUSES (GROUP X),4109660222,11429,1.0,,1.0
FHA REPOSSESSED HOUSES (GROUP X),4111200001,11429,1.0,,1.0
FHA REPOSSESSED HOUSES (GROUP X),4112080049,11429,1.0,,1.0
FHA REPOSSESSED HOUSES (GROUP X),4117810285,11420,1.0,,1.0
FHA REPOSSESSED HOUSES (GROUP X),4119600020,11435,1.0,,1.0
FHA REPOSSESSED HOUSES (GROUP X),4119750032,11436,1.0,,1.0
FHA REPOSSESSED HOUSES (GROUP X),4121700023,11433,1.0,,1.0
FHA REPOSSESSED HOUSES (GROUP X),4124690156,11434,1.0,,1.0
FHA REPOSSESSED HOUSES (GROUP X),4126340029,11412,1.0,,1.0
FHA REPOSSESSED HOUSES (GROUP X),4126650031,11412,1.0,,1.0
FHA REPOSSESSED HOUSES (GROUP X),4126700008,11412,1.0,,1.0
FHA REPOSSESSED HOUSES (GROUP X),4157820051,11691,1.0,,1.0
FHA REPOSSESSED HOUSES (GROUP X),4159020046,11692,2.0,,1.0
FIORENTINO PLAZA,,,158.0,2021-12-28,0.0
FIRST HOUSES,1004300010,10009,125.0,,1.0
FOREST,2026390001,10456,808.8,,1.0
FOREST,2026400001,10456,539.2,,1.0
FORT INDEPENDENCE STREET-HEATH AVENUE,,,341.0,2025-06-24,1.0
FORT WASHINGTON AVENUE REHAB,,,226.0,2020-11-30,0.0
FRANKLIN AVENUE I CONVENTIONAL,,,60.0,2018-11-30,0.0
FRANKLIN AVENUE II CONVENTIONAL,,,45.0,2018-11-30,0.0
FRANKLIN AVENUE III CONVENTIONAL,,,15.0,2018-11-30,0.0
FULTON,1007140031,10011,343.27,,1.0
FULTON,1007150010,10011,257.45,,1.0
FULTON,1007160017,10011,257.45,,1.0
FULTON,1007170019,10011,85.82,,1.0
GARVEY (GROUP A),3034940010,11212,256.0,,1.0
GARVEY (GROUP A),3034960013,11212,64.0,,1.0
GLEBE AVENUE-WESTCHESTER AVENUE,2039630043,10462,131.0,,1.0
GLENMORE PLAZA,3035070001,11212,108.0,,1.0
GLENMORE PLAZA,3037090001,11212,324.0,,1.0
GLENWOOD,3079780001,11234,1008.1,,1.0
GLENWOOD,3079780001,11236,177.9,,1.0
GOMPERS,1003380001,10002,472.0,,1.0
GOWANUS,3003920001,11217,565.5,,1.0
GOWANUS,3004040001,11217,565.5,,1.0
GRAMPION,,,33.0,2020-11-30,0.0
GRANT,1019640001,10027,861.78,,1.0
GRANT,1019800001,10027,1077.22,,1.0
GRAVESEND,3069640002,11224,633.0,,1.0
GUN HILL,2046290050,10467,727.0,,1.0
HABER,3070700001,11224,380.0,,1.0
HAMMEL,4161140002,11693,703.0,,1.0
HARBORVIEW TERRACE,1010830015,10019,188.0,,1.0
HARBORVIEW TERRACE,1010840009,10019,188.0,,1.0
HARLEM RIVER,,,574.0,2022-02-17,0.0429
HARLEM RIVER II,,,116.0,2022-02-17,0.0429
HARRISON AVENUE REHAB (GROUP A),,,34.0,2025-06-24,1.0
HARRISON AVENUE REHAB (GROUP B),,,150.0,2025-06-24,1.0
HERNANDEZ,1004170001,10002,149.0,,1.0
HIGHBRIDGE GARDENS,2025270032,10452,699.0,,1.0
HIGHBRIDGE REHABS (ANDERSON AVENUE),,,135.0,2018-11-30,0.0
HIGHBRIDGE REHABS (NELSON AVENUE),,,80.0,2018-11-30,0.0
HOE AVENUE-EAST 173RD STREET,2029900011,10460,65.0,,1.0
HOLMES TOWERS,1015730020,10128,534.0,,1.0
HOPE GARDENS,,,324.0,2019-07-18,0.0
HOWARD,3034890001,11212,810.0,,1.0
HOWARD AVENUE,,,143.0,2023-11-28,0.635
HOWARD AVENUE-PARK PLACE,,,148.0,2023-11-28,0.635
HUGHES APARTMENTS,3035260021,11212,503.0,,1.0
HUNTS POINT AVENUE REHAB,2027400013,10474,10.08,,1.0
HUNTS POINT AVENUE REHAB,2027400015,10474,10.08,,1.0
HUNTS POINT AVENUE REHAB,2027400016,10474,10.08,,1.0
HUNTS POINT AVENUE REHAB,2027400018,10474,10.08,,1.0
HUNTS POINT AVENUE REHAB,2027400019,10474,10.08,,1.0
HUNTS POINT AVENUE REHAB,2027400021,10474,10.08,,1.0
HUNTS POINT AVENUE REHAB,2027400022,10474,10.08,,1.0
HUNTS POINT AVENUE REHAB,2027400024,10474,10.08,,1.0
HUNTS POINT AVENUE REHAB,2027400025,10474,10.08,,1.0
HUNTS POINT AVENUE REHAB,2027400027,10474,10.08,,1.0
HUNTS POINT AVENUE REHAB,2027400028,10474,10.08,,1.0
HUNTS POINT AVENUE REHAB,2027400030,10474,10.08,,1.0
HUNTS POINT AVENUE REHAB,2027610003,10474,10.08,,1.0
HYLAN,3030980001,11206,209.0,,1.0
INDEPENDENCE,,,742.0,2020-02-12,0.0
INGERSOLL,3020340001,11205,849.33,,1.0
INGERSOLL,3020500001,11201,970.67,,1.0
INTERNATIONAL TOWER,4098020041,11432,146.0,,1.0
ISAACS,1015730001,10128,633.0,,1.0
JACKSON,2024160001,10451,864.0,,1.0
JEFFERSON,1016620001,10029,607.76,,1.0
JEFFERSON,1016620016,10029,86.82,,1.0
JEFFERSON,1016840001,10029,781.41,,1.0
JOHNSON,1016400001,10029,762.35,,1.0
JOHNSON,1016400021,10029,533.65,,1.0
KING TOWERS,1015960001,10026,1378.0,,1.0
KINGSBOROUGH,3013440001,11233,1023.0,,1.0
KINGSBOROUGH,3014380001,11233,132.0,,1.0
KINGSBOROUGH EXTENSION,3013440175,11233,183.0,,1.0
LA GUARDIA,1002560001,10002,606.11,,1.0
LA GUARDIA,1002580001,10002,484.89,,1.0
LA GUARDIA ADDITION,1002560014,10002,149.0,,1.0
LAFAYETTE,3019380001,11205,503.43,,1.0
LAFAYETTE,3019380001,11238,377.57,,1.0
LATIMER GARDENS,4049510008,11354,421.0,,1.0
LAVANBURG HOMES,,,95.0,,1.0
LEAVITT STREET-34TH AVENUE,4049570024,11354,83.0,,1.0
LEHMAN VILLAGE,1016130023,10029,308.0,,1.0
LEHMAN VILLAGE,1016150023,10029,308.0,,1.0
LENOX ROAD-ROCKAWAY PARKWAY,,,71.0,2023-11-28,0.635
LEXINGTON,1016260001,10029,222.5,,1.0
LEXINGTON,1016260021,10029,222.5,,1.0
LINCOLN,1017570001,10037,705.65,,1.0
LINCOLN,1017570020,10037,577.35,,1.0
LINDEN,,,1586.0,2021-12-28,0.0
LONG ISLAND BAPTIST HOUSES,3037670036,11207,57.0,,1.0
LONG ISLAND BAPTIST HOUSES,3037680018,11207,57.0,,1.0
LONG ISLAND BAPTIST HOUSES,3037870001,11207,114.0,,1.0
LONGFELLOW AVENUE REHAB,2027570020,10459,37.5,,1.0
LONGFELLOW AVENUE REHAB,2027570080,10459,37.5,,1.0
LOW HOUSES,3037270001,11212,396.75,,1.0
LOW HOUSES,3037450001,11212,132.25,,1.0
LOWER EAST SIDE I INFILL,1004160001,10002,88.2,,1.0
LOWER EAST SIDE I INFILL,1004200062,10002,12.6,,1.0
LOWER EAST SIDE I INFILL,1004210052,10002,88.2,,1.0
LOWER EAST SIDE II,1003750001,10009,66.0,,1.0
LOWER EAST SIDE II,1003750045,10009,42.0,,1.0
LOWER EAST SIDE II,1003750063,10009,12.0,,1.0
LOWER EAST SIDE II,1003870020,10009,42.0,,1.0
LOWER EAST SIDE II,1003870144,10009,24.0,,1.0
LOWER EAST SIDE III,1003780017,10009,56.0,,1.0
LOWER EAST SIDE REHAB (GROUP 5),1003890032,10009,26.0,,1.0
LOWER EAST SIDE REHAB (GROUP 5),1003890036,10009,26.0,,1.0
MANHATTANVILLE,,,1216.0,2024-12-12,0.9818
MANHATTANVILLE REHAB (GROUP 2),,,46.0,2020-11-30,0.0
MANHATTANVILLE REHAB (GROUP 3),,,51.0,2020-11-30,0.0
MARBLE HILL,1022150116,10463,916.36,,1.0
MARBLE HILL,1022150623,10463,152.73,,1.0
MARBLE HILL,2032650001,10463,458.18,,1.0
MARBLE HILL,2057020001,10463,152.73,,1.0
MARCY,3017190001,11206,977.14,,1.0
MARCY,3017380001,11206,732.86,,1.0
MARCY AVENUE-GREENE AVENUE SITE A,,,48.0,2020-02-12,0.0
MARCY AVENUE-GREENE AVENUE SITE B,,,30.0,2020-02-12,0.0
MARINER'S HARBOR,5012450001,10303,318.75,,1.0
MARINER'S HARBOR,5012480200,10303,281.25,,1.0
MARLBORO,3071370001,11223,692.21,,1.0
MARLBORO,3071400016,11223,1069.79,,1.0
MARSHALL PLAZA,,,176.0,2023-01-10,0.3412
MCKINLEY,2026380090,10456,616.0,,1.0
MELROSE,2024130001,10451,1019.0,,1.0
MELTZER TOWER,1004290021,10009,228.0,,1.0
METRO NORTH PLAZA,,,270.0,,1.0
MIDDLETOWN PLAZA,,,159.0,2024-09-26,0.9115
MILL BROOK,2022630019,10454,554.22,,1.0
MILL BROOK,2025480001,10454,692.78,,1.0
MILL BROOK EXTENSION,2025480042,10454,124.0,,1.0
MITCHEL,2022980040,10454,690.4,,1.0
MITCHEL,2023110001,10454,1035.6,,1.0
MONROE,2036370001,10473,792.28,,1.0
MONROE,2036630001,10473,304.72,,1.0
MOORE,,,462.0,,1.0
MORRIS I,2029010001,10456,541.5,,1.0
MORRIS I,2029100001,10456,541.5,,1.0
MORRIS II,2029020036,10456,342.0,,1.0
MORRIS II,2029110001,10456,342.0,,1.0
MORRIS II,2029110001,10457,114.0,,1.0
MORRIS PARK SENIOR CITIZENS HOME,,,97.0,,1.0
MORRISANIA,2023900024,10456,205.0,,1.0
MORRISANIA AIR RIGHTS,2024099059,10451,168.0,,1.0
MORRISANIA AIR RIGHTS,2024209020,10451,336.0,,1.0
MORRISANIA AIR RIGHTS,2024209078,10451,336.0,,1.0
MOTT HAVEN,2023030021,10454,123.88,,1.0
MOTT HAVEN,2023040001,10454,619.38,,1.0
MOTT HAVEN,2023060009,10454,247.75,,1.0
MURPHY,,,281.0,2018-12-27,0.0
NEW LANE AREA,5028320068,10305,276.0,,1.0
NOSTRAND,3073890001,11229,573.0,,1.0
NOSTRAND,3074080001,11229,358.12,,1.0
NOSTRAND,3074080001,11235,214.88,,1.0
O'DWYER GARDENS,3070470014,11224,282.0,,1.0
O'DWYER GARDENS,3070480015,11224,282.0,,1.0
OCEAN BAY APARTMENTS (BAYSIDE),,,1393.0,2016-12-31,0.0
OCEAN BAY APARTMENTS (OCEANSIDE),4158920001,11692,417.0,,1.0
OCEAN HILL APARTMENTS,,,238.0,,1.0
OCEAN HILL-BROWNSVILLE,,,119.0,2023-11-28,0.635
PALMETTO GARDENS,,,115.0,2019-07-18,0.0
"PARK AVENUE-EAST 122ND, 123RD STREETS",,,89.0,2020-11-30,0.0
PARK ROCK REHAB,,,126.0,2023-11-28,0.635
PARKSIDE,2045070048,10467,87.9,,1.0
PARKSIDE,2045420100,10467,791.1,,1.0
PATTERSON,2023240001,10451,858.24,,1.0
PATTERSON,2023250001,10451,929.76,,1.0
PELHAM PARKWAY,2043490001,10467,365.61,,1.0
PELHAM PARKWAY,2043490001,10469,132.95,,1.0
PELHAM PARKWAY,2043630001,10469,199.42,,1.0
PELHAM PARKWAY,2044440001,10469,565.03,,1.0
PENNSYLVANIA AVENUE-WORTMAN AVENUE,,,336.0,2021-12-28,0.0
PINK,3044860001,11208,271.82,,1.0
PINK,3044880001,11208,543.64,,1.0
PINK,3045080001,11208,271.82,,1.0
PINK,3045100001,11208,407.73,,1.0
POLO GROUNDS TOWERS,1021060003,10039,1613.0,,1.0
POMONOK,4067920001,11365,102.55,,1.0
POMONOK,4067920001,11367,478.55,,1.0
POMONOK,4067920030,11365,786.18,,1.0
POMONOK,4067920030,11367,700.73,,1.0
PSS GRANDPARENT FAMILY APARTMENTS,,,50.0,,1.0
PUBLIC SCHOOL 139 (CONVERSION),,,125.0,2020-11-30,0.0
QUEENSBRIDGE NORTH,4004700001,11101,522.89,,1.0
QUEENSBRIDGE NORTH,4004700100,11101,490.21,,1.0
QUEENSBRIDGE NORTH,4004700200,11101,522.89,,1.0
QUEENSBRIDGE SOUTH,4004650001,11101,1110.2,,1.0
QUEENSBRIDGE SOUTH,4004650100,11101,489.8,,1.0
RALPH AVENUE REHAB,,,111.0,2023-11-28,0.635
RANDALL AVENUE-BALCOM AVENUE,2055680001,10465,83.67,,1.0
RANDALL AVENUE-BALCOM AVENUE,2055680050,10465,83.67,,1.0
RANDALL AVENUE-BALCOM AVENUE,2055680100,10465,83.67,,1.0
RANGEL,1021060320,10039,983.0,,1.0
RAVENSWOOD,4003320002,11106,576.0,,1.0
RAVENSWOOD,4003350002,11106,576.0,,1.0
RAVENSWOOD,4005230002,11106,432.0,,1.0
RAVENSWOOD,4005590002,11106,576.0,,1.0
RED HOOK EAST,3005380001,11231,1401.0,,1.0
RED HOOK WEST,3005330001,11231,720.49,,1.0
RED HOOK WEST,3005380001,11231,420.29,,1.0
RED HOOK WEST,3005570001,11231,330.22,,1.0
REDFERN,4155010002,11691,599.0,,1.0
REHAB PROGRAM (COLLEGE POINT),4041700001,11356,13.0,,1.0
REHAB PROGRAM (DOUGLASS REHABS),1018730009,10025,12.44,,1.0
REHAB PROGRAM (DOUGLASS REHABS),1018750005,10025,74.67,,1.0
REHAB PROGRAM (DOUGLASS REHABS),1018750009,10025,12.44,,1.0
REHAB PROGRAM (DOUGLASS REHABS),1018750057,10025,12.44,,1.0
REHAB PROGRAM (TAFT REHABS),,,154.0,,1.0
REHAB PROGRAM (WISE REHAB),1012070050,10025,40.0,,1.0
REID APARTMENTS,,,199.0,2023-11-28,0.635
RICHMOND TERRACE,5000510001,10301,162.67,,1.0
RICHMOND TERRACE,5000510030,10301,325.33,,1.0
RIIS,1003620010,10009,463.17,,1.0
RIIS,1003670001,10009,727.83,,1.0
RIIS II,1003620001,10009,575.0,,1.0
ROBBINS PLAZA,1014450023,10021,150.0,,1.0
ROBINSON,,,188.0,,1.0
ROOSEVELT I,3015970001,11206,126.83,,1.0
ROOSEVELT I,3015970001,11221,253.67,,1.0
ROOSEVELT I,3015980001,11206,126.83,,1.0
ROOSEVELT I,3015980001,11221,126.83,,1.0
ROOSEVELT I,3016010024,11221,126.83,,1.0
ROOSEVELT II,3015950001,11206,113.0,,1.0
ROOSEVELT II,3015950024,11206,113.0,,1.0
ROOSEVELT II,3015950024,11221,113.0,,1.0
RUTGERS,1002550001,10002,721.0,,1.0
RUTLAND TOWERS,,,60.0,2023-11-28,0.635
SACK WERN,,,379.0,2024-06-26,0.8276
SAINT MARY'S PARK,2026230135,10455,332.33,,1.0
SAINT MARY'S PARK,2026280001,10455,664.67,,1.0
SAINT NICHOLAS,1019330001,10027,870.86,,1.0
SAINT NICHOLAS,1019330050,10027,653.14,,1.0
SAMUEL (CITY),,,598.0,2024-09-26,0.9115
SAMUEL (MHOP) I,,,31.0,2020-11-30,0.0
SAMUEL (MHOP) II,,,4.0,2020-11-30,0.0
SAMUEL (MHOP) III,,,2.0,2020-11-30,0.0
SARATOGA VILLAGE,,,125.0,,1.0
SEDGWICK,2028770001,10453,783.0,,1.0
SEWARD PARK EXTENSION,1003470080,10002,180.0,,1.0
SEWARD PARK EXTENSION,1003510001,10002,180.0,,1.0
SHEEPSHEAD BAY,3073870001,11229,526.0,,1.0
SHEEPSHEAD BAY,3074051001,11229,409.11,,1.0
SHEEPSHEAD BAY,3074051001,11235,116.89,,1.0
SHELTON HOUSE,4097610036,11432,152.0,,1.0
SMITH,1001110100,10038,1930.0,,1.0
SOTOMAYOR HOUSES,2037230001,10472,586.14,,1.0
SOTOMAYOR HOUSES,2037250001,10472,532.86,,1.0
SOTOMAYOR HOUSES,2037300001,10472,373.0,,1.0
SOUNDVIEW,2035150001,10473,482.31,,1.0
SOUNDVIEW,2035510001,10473,771.69,,1.0
SOUTH BEACH,5032430100,10305,421.0,,1.0
SOUTH BRONX AREA (SITE 402),,,111.0,2023-09-28,0.5794
SOUTH JAMAICA I,4101250033,11433,325.82,,1.0
SOUTH JAMAICA I,4101460051,11433,122.18,,1.0
SOUTH JAMAICA II,4101250012,11433,22.04,,1.0
SOUTH JAMAICA II,4101250063,11433,88.15,,1.0
SOUTH JAMAICA II,4101270001,11433,154.26,,1.0
SOUTH JAMAICA II,4101480001,11433,132.22,,1.0
SOUTH JAMAICA II,4121480100,11433,198.33,,1.0
STANTON STREET,1003440010,10002,13.0,,1.0
STAPLETON,5005450100,10304,693.0,,1.0
STEBBINS AVENUE-HEWITT PLACE,,,118.0,2023-09-28,0.5794
STERLING PLACE REHABS (SAINT JOHNS-STERLING),,,82.0,2023-11-28,0.635
STERLING PLACE REHABS (STERLING-BUFFALO),,,122.0,2023-11-28,0.635
STRAUS,1009080017,10016,133.5,,1.0
STRAUS,1009080027,10016,133.5,,1.0
STUYVESANT GARDENS I,,,328.0,,1.0
STUYVESANT GARDENS II,,,150.0,,1.0
SUMNER,3015800001,11206,592.58,,1.0
SUMNER,3017490015,11206,501.42,,1.0
SURFSIDE GARDENS,3070070001,11224,236.0,,1.0
SURFSIDE GARDENS,3070490015,11224,354.0,,1.0
SUTTER AVENUE-UNION STREET,,,99.0,2023-11-28,0.635
TAFT,1016180001,10029,813.33,,1.0
TAFT,1016200023,10029,650.67,,1.0
TAPSCOTT STREET REHAB,,,150.0,2023-11-28,0.635
TAYLOR STREET-WYTHE AVENUE,3021750030,11249,105.0,,1.0
TAYLOR STREET-WYTHE AVENUE,3021750060,11249,105.0,,1.0
TAYLOR STREET-WYTHE AVENUE,3021750070,11249,105.0,,1.0
TAYLOR STREET-WYTHE AVENUE,3021750080,11249,105.0,,1.0
TAYLOR STREET-WYTHE AVENUE,3021750090,11249,105.0,,1.0
TELLER AVENUE-EAST 166TH STREET,2024290001,10456,89.0,,1.0
THOMAS APARTMENTS,1012210038,10024,87.0,,1.0
THROGGS NECK,2055640001,10465,515.38,,1.0
THROGGS NECK,2055670001,10465,220.88,,1.0
THROGGS NECK,2055820001,10465,441.75,,1.0
THROGGS NECK ADDITION,2055640001,10465,143.5,,1.0
THROGGS NECK ADDITION,2055670001,10465,143.5,,1.0
TILDEN,3035760001,11212,997.0,,1.0
TODT HILL,5007060001,10314,502.0,,1.0
TOMPKINS,3017400001,11206,1043.0,,1.0
TWIN PARKS EAST (SITE 9),,,219.0,2025-06-24,1.0
TWIN PARKS WEST (SITES 1 & 2),,,311.0,2018-10-31,0.0
TWO BRIDGES URA (SITE 7),1002450001,10002,250.0,,1.0
UNION AVENUE-EAST 163RD STREET,,,191.0,2023-09-28,0.5794
UNION AVENUE-EAST 166TH STREET,,,118.0,2023-09-28,0.5794
"UNITY PLAZA (SITES 17,24,25A)",3037690030,11207,55.67,,1.0
"UNITY PLAZA (SITES 17,24,25A)",3037700001,11207,111.33,,1.0
UNITY PLAZA (SITES 4-27),3037840001,11207,176.92,,1.0
UNITY PLAZA (SITES 4-27),3037850015,11207,212.31,,1.0
UNITY PLAZA (SITES 4-27),3037870005,11207,70.77,,1.0
UNIVERSITY AVENUE REHAB,,,230.0,2025-06-24,1.0
UPACA (SITE 5),,,180.0,,1.0
UPACA (SITE 6),,,150.0,,1.0
VAN DYKE I,3037600001,11212,670.55,,1.0
VAN DYKE I,3037770001,11212,618.97,,1.0
VAN DYKE I,3037940001,11212,309.48,,1.0
VAN DYKE II,3037940001,11212,111.0,,1.0
VANDALIA AVENUE,3044310100,11239,286.0,,1.0
VLADECK,1002600001,10002,795.13,,1.0
VLADECK,1002600075,10002,596.35,,1.0
VLADECK,1002670024,10002,132.52,,1.0
VLADECK II,1002630001,10002,240.0,,1.0
WAGNER,1017970001,10035,877.5,,1.0
WAGNER,1018080001,10035,1267.5,,1.0
WALD,1003560001,10002,231.88,,1.0
WALD,1003560001,10009,1623.12,,1.0
WASHINGTON,1016470001,10029,431.71,,1.0
WASHINGTON,1016490001,10029,647.57,,1.0
WASHINGTON,1016520001,10029,431.71,,1.0
WASHINGTON HEIGHTS REHAB (GROUPS 1&2),,,214.0,2020-11-30,0.0
WASHINGTON HEIGHTS REHAB PHASE III (FORT WASHINGTON),,,87.0,2020-11-30,0.0
WASHINGTON HEIGHTS REHAB PHASE III (HARLEM RIVER),,,14.0,2020-11-30,0.0
WASHINGTON HEIGHTS REHAB PHASE IV (C),,,32.0,2020-11-30,0.0
WASHINGTON HEIGHTS REHAB PHASE IV (D),,,32.0,2020-11-30,0.0
WEBSTER,2023950001,10456,604.0,,1.0
WEEKSVILLE GARDENS,,,256.0,2020-02-12,0.0
WEST BRIGHTON I,,,455.0,2024-06-26,0.8276
WEST BRIGHTON II,,,69.0,2024-06-26,0.8276
WEST FARMS ROAD REHAB,2027510015,10459,59.43,,1.0
WEST FARMS ROAD REHAB,2027510030,10459,29.71,,1.0
WEST FARMS ROAD REHAB,2027510033,10459,29.71,,1.0
WEST FARMS ROAD REHAB,2030070036,10459,89.14,,1.0
WEST FARMS SQUARE CONVENTIONAL,2027540046,10459,20.0,,1.0
WEST TREMONT AVENUE-SEDGWICK AVENUE AREA,2028770497,10453,148.0,,1.0
WHITE,,,247.0,,1.0
WHITMAN,3020400001,11205,413.25,,1.0
WHITMAN,3020410001,11205,1239.75,,1.0
WILLIAMS PLAZA,,,577.0,2020-02-12,0.0
WILLIAMSBURG,,,1601.0,2021-12-28,0.0
WILSON,1016990001,10029,398.0,,1.0
WISE TOWERS,,,389.0,2020-11-30,0.0
WOODSIDE,4007360002,11377,344.4,,1.0
WOODSIDE,4007380050,11377,1008.6,,1.0
WOODSON,3037800001,11212,202.5,,1.0
WOODSON,3037970001,11212,202.5,,1.0
WSUR (BROWNSTONES),1012030013,10024,39.17,,1.0
WSUR (BROWNSTONES),1012040021,10024,104.44,,1.0
WSUR (BROWNSTONES),1012040056,10024,26.11,,1.0
WSUR (BROWNSTONES),1012240016,10025,65.28,,1.0
WSUR (SITE A) 120 WEST 94TH STREET,1012240042,10025,68.0,,1.0
WSUR (SITE B) 74 WEST 92ND STREET,1012050001,10025,167.0,,1.0
WSUR (SITE C) 589 AMSTERDAM AVENUE,1012190001,10024,157.0,,1.0
WYCKOFF GARDENS,3003940001,11217,528.0,,1.0
